match_id,heroID1,heroID2,heroID3,heroID4,heroID5
6830491158,22,72,68,50,63
5341715143,50,41,128,99,97
5309524257,7,8,5,126,46
5301375978,54,113,74,50,101
5296047847,60,112,48,2,84
4156633671,12,121,8,14,35
4136827498,19,9,76,84,45
4135182635,74,4,112,14,1
4125884751,1,74,2,101,35
4115164347,67,50,71,15,62
4114148540,72,34,40,16,75
4112116678,14,74,36,23,2
4104268270,28,99,119,44,97
3646560125,12,90,7,8,74
3607216737,3,1,98,14,74
3570975546,28,15,14,46,97
3546331617,28,1,4,49,63
3544822057,112,16,119,2,93
3542194982,63,81,57,45,13
3541775770,120,23,37,74,15
3537938694,28,31,57,81,74
3531778682,57,53,51,46,6
3518425247,56,84,35,18,87
3484062421,76,97,4,12,50
3294668616,101,73,70,83,44
2939621260,36,76,29,114,9
2938035042,25,44,101,108,76
2936032960,76,31,77,13,27
2934079733,31,34,18,55,32
2933474852,39,66,20,9,49
2933140292,36,104,93,11,59
2931349392,96,106,90,46,104
2930044616,50,106,63,107,9
2919704900,73,75,101,30,60
2916465369,104,35,16,54,101
2915080799,54,88,33,99,13
2911183465,63,80,104,10,3
2906833757,70,31,7,112,76
2902882341,50,70,21,11,83
2894944705,30,114,50,70,46
2894722743,88,26,106,6,28
2893840764,67,98,16,9,50
2891337218,4,105,46,63,84
2890737953,44,21,101,112,34
2889386148,103,11,84,109,87
2888747439,76,44,84,101,97
2887174397,64,34,63,51,36
2880181105,10,90,27,23,114
2876703697,17,50,26,114,1
2876652344,101,50,2,28,1
2875590679,1,9,28,34,48
2872468499,34,27,64,93,28
2866735404,39,54,75,28,114
2865938516,65,67,32,10,84
2864450064,8,9,28,46,101
2862568896,63,11,97,75,5
2862451369,54,96,76,37,84
2861872430,64,28,56,112,76
2861529057,8,102,6,48,101
2861454701,12,7,76,47,98
2861224006,33,39,96,1,48
2837851872,57,74,44,98,84
2837486312,57,101,109,100,34
2832724488,84,8,79,29,74
2830949365,18,5,36,85,17
2829072393,76,51,75,57,18
2828854086,54,22,62,66,57
2824873468,76,67,51,26,31
2821973132,11,10,27,20,8
2821505130,103,34,104,44,57
2820532428,97,7,81,90,44
2818056791,9,18,27,69,29
2815926825,99,97,44,26,57
2812874879,44,14,50,76,98
2811634427,104,67,97,84,55
2808642420,30,98,94,73,84
2806430290,108,44,2,3,6
2804985527,83,56,28,101,27
2802212124,16,9,18,84,46
2801196739,104,81,57,17,9
2799495437,4,98,14,22,8
2798197952,76,89,71,26,84
2792840617,88,22,17,53,28
2791662697,37,9,74,94,93
2789001708,1,99,57,22,14
2788872592,67,83,70,73,20
2781364294,80,85,25,104,81
2778438535,3,67,7,9,62
2776177258,106,37,39,62,99
2773541685,93,25,76,96,79
2772653686,104,8,21,31,55
2770094650,14,73,36,10,7
2769960452,105,19,101,35,30
2037842736,49,26,94,36,39
2036638414,69,46,72,37,100
2036475246,57,58,72,70,37
2035188209,30,8,83,97,85
2033926300,11,2,83,8,98
2033778279,86,56,9,109,64
2033655452,22,28,84,1,83
2031198767,93,111,46,104,39
2030021584,8,11,50,51,107
2027612226,57,6,44,10,84
2026536262,104,35,113,23,59
2025539137,66,74,62,22,18
2025208570,103,39,106,97,26
2023986780,22,14,60,1,30
2023840407,11,4,98,93,111
1992147332,97,73,30,93,39
1990827495,89,11,75,87,21
1988588585,104,96,97,106,101
1983409675,80,21,97,68,2
1981574166,40,106,29,75,21
1977850014,28,4,3,22,12
1976771607,84,50,75,39,89
1974784175,25,54,44,4,14
1974664650,35,40,70,104,11
1973987223,35,56,101,42,85
1970787325,101,84,73,1,99
1968578842,74,18,5,55,29
1968432065,46,106,25,70,85
1967645853,42,36,53,21,87
1965886963,46,98,10,22,5
1964675762,74,21,100,101,67
1963442769,50,8,96,28,3
1960696055,50,70,7,67,59
1959002599,79,1,74,88,9
1958898597,70,22,21,93,3
1958047532,59,112,26,97,11
1957133900,41,101,105,22,63
1955907881,55,1,42,20,46
1952836034,1,22,53,101,39
1950353467,47,30,6,45,50
1950294386,47,30,6,45,50
1950235955,98,30,6,77,50
1950159240,47,30,6,45,50
1945586561,98,9,86,21,67
1943675377,6,83,33,11,98
1939785706,49,94,22,106,59
1938792867,95,73,68,22,40
1935235293,56,23,112,97,10
1932380747,21,50,34,62,70
1931256965,10,74,25,9,39
1929199121,44,50,28,100,15
1927205174,57,11,42,7,96
1926365798,67,12,97,71,39
1923198188,75,95,96,72,7
1919347377,56,101,57,65,76
1917378328,95,30,36,19,83
1915203776,96,21,97,89,100
1913809757,75,21,110,3,86
1912941851,32,29,10,39,109
1912889846,21,5,56,68,19
1910920362,65,104,91,2,41
1910765879,44,106,15,100,32
1899697881,14,100,18,28,46
1893818869,105,6,88,47,16
1891770151,11,26,85,25,1
1891044103,67,100,86,11,21
1888954823,69,90,32,100,38
1887952127,94,74,100,14,89
1885602450,98,33,26,62,80
1882109331,14,94,52,26,56
1875859329,104,94,86,6,2
1866198904,104,42,22,21,81
1861865690,27,31,81,74,90
1861006749,53,47,36,105,106
1859671453,32,74,65,40,28
1858346916,94,23,69,106,71
1856698939,80,39,22,21,95
1855801781,10,11,98,33,25
1854392096,14,48,22,13,98
1853084513,61,49,10,22,30
1850822558,35,97,25,44,1
1849552578,85,21,48,67,27
1846371584,86,28,84,106,93
1585011452,1,46,53,25,97
1584844723,47,71,64,70,109
1583409073,12,30,35,41,105
1583340309,52,41,5,8,35
1582402805,35,56,98,57,45
1579954677,34,41,100,27,77
1579818167,49,7,104,86,94
1571499821,72,9,5,67,106
1564900741,89,88,49,31,90
1559450493,89,51,100,79,16
1533774280,44,2,76,68,94
1533635358,14,74,37,31,86
1531840208,17,31,23,30,28
1529076555,46,26,51,19,67
1521687662,104,89,111,17,2
1520644149,72,112,28,53,11
1513865589,72,56,35,7,21
1513658029,66,51,96,12,78
1510926067,96,26,34,99,89
1510040838,51,63,74,1,107
1509336290,40,74,105,41,52
1503095262,75,8,109,85,41
1500791442,32,14,104,93,56
1498287311,50,79,80,102,99
1497662190,52,70,11,14,86
1497510646,12,87,11,1,4
1490408774,84,41,60,16,58
1487911869,106,35,62,56,7
1485508554,81,46,97,30,34
1482681496,34,65,4,8,42
1480151183,96,7,36,71,21
1479565579,48,70,36,44,11
1479413863,60,50,69,70,35
1478272521,71,20,31,44,82
1475120851,11,36,101,77,100
1474337973,31,97,85,19,93
1472017947,32,44,57,31,97
1469650603,105,12,22,60,100
1468933232,36,61,91,93,34
1467821415,25,67,103,38,29
1465510579,104,52,73,79,56
1464912464,27,32,57,99,46
1464644469,14,93,73,63,5
1464313062,53,27,39,29,44
1462727440,11,42,41,20,35
1461871914,52,45,50,105,14
1461822794,6,90,50,9,14
1460460983,100,49,96,11,8
1459469322,2,111,100,41,60
1456625878,35,57,100,19,96
1453932639,105,32,88,74,44
1449759711,14,59,62,70,6
1447166383,11,76,112,73,57
1444513545,100,88,104,70,23
1436130130,67,64,70,63,49
1434873659,43,1,99,30,53
1433888323,35,18,50,87,99
1426034542,98,35,57,74,32
1423263157,70,56,1,100,74
1420803659,99,102,19,97,30
1417967640,53,71,99,74,8
1409876600,100,35,41,21,101
1404790939,25,20,110,54,74
1400358987,57,34,71,8,2
1383746394,22,71,52,17,63
1381408674,65,4,42,53,35
1374234596,21,18,40,29,35
1374108232,65,106,36,2,1
1370916262,53,31,23,51,44
1370291508,104,17,14,20,85
1369741846,14,70,84,47,10
1368721140,81,79,100,57,67
1366034847,101,41,48,26,30
1359058408,6,18,2,17,55
1357725920,17,35,11,81,14
1355214106,67,16,93,21,25
1336622901,45,2,93,35,65
1329428676,7,102,25,94,104
1327045918,30,98,23,55,35
1326319076,83,14,71,95,9
1324807051,7,32,13,41,80
1324000594,95,44,93,71,51
1321897243,109,29,106,35,25
1321574229,11,102,21,87,32
1320988058,49,43,22,94,25
1318279983,94,105,21,42,47
1314235512,19,20,80,34,93
1313620360,59,87,64,13,9
1313566389,109,5,44,6,62
1309846892,4,51,39,99,105
1307245701,53,35,22,19,7
1303671343,6,14,102,35,62
1303247608,42,93,35,89,4
1296394071,9,35,2,30,11
1285619610,11,51,44,101,65
1284545983,5,81,44,105,10
1282647231,39,76,77,37,106
1281985278,23,101,39,26,60
1279696167,37,80,109,7,8
1279189137,3,28,93,18,72
1259597742,42,35,88,6,105
1257192991,1,45,86,14,98
1240716644,14,112,105,8,2
1153390729,35,102,19,95,69
1139904159,39,59,49,35,68
1139358260,44,28,101,36,56
1137295344,30,94,82,22,84
1136974679,7,48,62,41,88
1134166152,94,62,19,75,104
1128911589,70,83,39,75,35
1127003069,11,20,34,2,94
1124560913,99,43,105,98,32
1124427502,64,41,6,36,85
1121751443,30,8,99,26,48
1120025802,13,1,22,97,23
1117014482,73,70,34,66,76
1116740702,49,43,93,90,35
1112600583,48,27,9,39,8
1112357726,19,23,57,27,15
1109901989,23,18,72,2,14
1105333646,93,88,6,14,25
1100862227,44,50,84,109,35
1099182810,14,8,9,44,49
1096636612,11,41,111,36,58
1096176870,42,41,21,15,39
1096018282,99,91,19,34,2
1094532151,38,75,109,99,34
1092845355,20,35,37,106,74
1087678539,6,93,42,28,34
1087332042,34,9,6,100,111
1085080634,35,44,64,78,9
1066411573,98,83,18,6,36
1066169019,16,45,99,72,15
1066008378,22,105,14,52,28
1065964710,32,93,14,25,82
1064991445,75,74,8,84,34
1064439471,48,86,17,61,7
1063977178,59,40,101,97,32
1062901427,87,53,64,78,8
1062275673,87,36,110,8,13
1062171585,96,82,15,111,78
1060160427,14,29,17,83,21
1059733632,90,101,1,23,6
1055613728,30,71,14,100,44
1055087220,44,107,8,77,27
1054760968,44,84,6,1,29
1052949253,22,51,107,105,94
1052480982,21,18,81,12,44
1052437900,19,9,106,31,17
1050865342,32,40,47,6,11
1050782597,8,28,30,111,7
1050601520,84,15,95,91,11
1050546171,74,35,4,22,40
1047125344,2,96,60,51,86
1046560295,9,42,89,7,17
1046217927,32,15,98,105,101
1040975759,9,1,74,84,32
1033365373,15,6,19,52,37
1033290864,10,22,96,71,47
1032826013,63,2,26,55,39
1032627086,104,70,35,100,6
1031466135,35,32,7,70,73
1031046255,107,1,30,22,69
1030946579,84,93,36,82,89
1028656523,46,89,83,14,8
1028343704,8,101,1,48,19
1026110900,21,51,14,44,36
1025870631,42,87,25,71,54
1022505095,28,101,13,6,51
1022253658,6,56,104,70,26
1020618120,63,41,36,19,40
1014977131,42,22,14,105,71
1005774926,67,14,43,7,72
1005460115,39,104,86,17,35
1005355236,97,98,4,41,101
1005216524,14,86,6,34,90
1003663437,16,36,42,62,10
1002940310,57,51,81,94,32
1002774077,16,56,70,62,68
1001493076,2,101,84,1,9
1000661242,7,54,47,36,53
999644154,48,53,34,73,16
998690826,35,42,82,102,22
998359407,36,12,9,19,44
997018777,51,35,7,42,36
991947742,102,53,63,73,39
990606449,80,76,64,14,53
990084299,33,36,1,52,14
989751501,12,44,30,1,97
988687332,15,82,74,90,23
988578553,104,83,106,27,62
986823316,44,34,84,26,33
986129757,34,109,40,93,51
985918465,7,16,21,35,95
984798026,72,35,74,67,1
984404859,6,27,83,11,67
984114040,50,82,98,13,103
982334501,37,29,34,93,5
981916488,42,102,84,71,106
981680282,26,94,14,35,99
980274165,35,89,74,20,73
975881212,60,7,41,43,15
973889186,66,73,42,105,94
972642831,25,99,42,26,23
972152230,67,90,9,47,74
972084937,6,15,30,45,9
969541586,14,2,27,63,106
967237312,4,23,10,27,49
965743548,34,21,7,12,106
965374886,57,44,53,62,39
963523752,64,38,8,19,25
958340524,26,1,2,44,14
955940670,21,43,13,82,6
952805736,20,14,35,42,43
949359558,11,32,49,74,106
949134810,35,31,65,71,48
949099886,21,72,105,15,76
947281860,37,103,67,88,14
945659313,11,22,27,12,42
945086608,67,42,9,46,18
943524298,84,109,22,88,44
943353236,50,26,65,59,102
941414081,42,105,45,18,46
938470824,70,8,101,41,65
936344339,53,44,11,84,6
936107352,30,82,98,36,74
932522486,67,74,68,26,79
932450731,26,14,77,64,12
932309858,17,35,55,31,98
930430586,25,2,19,71,91
930415051,8,81,82,91,21
930330436,26,12,35,87,93
928472960,4,95,105,53,9
926551939,42,4,32,101,12
926315290,106,15,109,9,14
925837163,9,12,41,46,35
924074709,41,99,45,71,11
923506855,75,14,44,7,39
923204447,20,41,32,101,19
921148036,34,69,25,71,47
920766846,59,47,31,72,66
920684790,82,10,46,11,105
920520423,31,21,41,88,30
918882397,39,21,16,12,42
918600440,94,96,74,62,22
918554312,4,65,102,56,63
916861906,15,106,96,74,75
916549885,34,41,18,90,35
915278714,110,74,12,88,83
914960998,31,4,71,60,30
914898480,86,93,82,31,5
914634345,101,14,62,9,34
913338627,101,64,41,34,6
911374391,8,27,17,2,62
910945059,48,21,102,54,9
910454463,35,8,75,67,2
910135705,10,102,4,34,87
908896370,27,14,15,51,75
908328994,5,59,10,3,34
907924917,34,64,95,29,42
907542411,22,14,34,25,80
906520834,19,101,76,32,105
905715215,35,39,67,105,93
905637661,56,6,32,101,47
898487593,4,74,82,41,72
898194099,96,6,8,53,42
898018767,44,16,82,78,34
897980598,5,82,35,14,6
896446055,69,74,32,7,41
895970061,47,34,43,32,42
895510412,47,10,9,26,14
895306497,28,82,22,31,5
895153325,42,33,96,15,54
893420039,104,41,8,40,17
893267809,18,39,14,35,11
892841087,93,44,47,14,88
892652502,78,34,101,36,44
889275398,5,10,19,78,64
889149542,41,23,102,65,11
888897187,35,31,46,18,30
888816040,44,39,110,83,68
888716525,7,63,14,99,57
888318429,92,95,35,57,104
887311874,9,79,59,26,80
886819158,43,70,22,101,18
886741560,21,84,51,55,11
886459491,95,22,32,78,15
886402417,105,17,26,102,14
882942756,5,100,51,17,86
882456499,99,55,22,71,54
882397803,107,67,39,8,40
882316211,14,98,17,99,57
881097892,104,14,4,89,33
880610476,4,44,107,88,16
880321475,105,95,7,59,34
880252526,107,42,104,93,14
878724634,41,7,18,35,47
878099687,19,105,95,59,23
876309407,29,22,8,7,32
876161075,43,28,79,95,2
875741845,32,105,34,106,25
875266213,35,12,105,75,46
874979286,17,84,105,30,2
873909008,9,84,106,75,35
873562990,14,44,5,70,22
873311310,32,101,98,83,18
872263648,84,106,94,35,71
872173421,35,32,27,93,60
871819495,6,27,7,75,104
871736523,9,42,41,64,10
871610521,106,34,5,78,44
870286724,53,22,101,1,17
870195362,17,55,74,6,73
870021053,99,71,47,14,35
868702473,32,63,54,76,57
866965026,14,32,40,88,1
866627355,34,53,86,43,35
866552376,59,45,100,62,26
866400254,14,42,82,41,101
865344582,93,27,12,43,9
864794909,28,35,52,73,59
864588206,49,35,17,53,98
861208651,56,80,53,27,74
860856695,60,29,36,43,27
859285743,74,9,25,6,35
857423499,102,31,72,44,47
853646245,88,1,26,104,4
853434410,40,104,13,106,14
852845905,12,30,75,74,89
851939305,4,78,8,22,50
851841728,44,45,30,76,35
851404716,12,96,73,36,7
847967767,90,47,18,70,99
847570331,26,49,104,47,63
845692588,9,14,30,33,93
845564907,56,32,95,34,70
843802699,31,88,56,9,69
842511949,8,43,96,97,75
840294250,97,1,20,14,11
839938922,51,27,35,70,47
839849907,78,6,59,100,66
838193767,109,90,94,42,8
834914288,43,101,77,20,81
834581231,49,41,25,82,31
831234897,77,25,104,22,54
829025012,94,42,6,82,36
828802580,37,56,51,26,49
828775609,57,64,6,79,35
828738303,6,9,44,22,36
826846166,101,18,52,23,44
825560029,34,106,71,30,36
825047225,101,35,98,1,21
824972332,35,84,39,36,69
824893358,44,99,49,22,5
824692641,17,28,90,29,54
823852149,53,11,88,60,84
823356475,44,26,102,50,35
822945462,93,31,75,35,49
821538400,26,98,106,69,44
821483440,4,43,74,6,91
817891924,99,22,1,65,46
816123105,18,75,54,4,25
816063382,2,44,40,61,7
813742396,61,17,72,18,102
812564311,19,81,75,30,34
811995464,59,93,57,41,31
811790249,83,6,11,22,35
811605512,32,1,35,101,47
808355324,96,61,33,109,53
808258025,18,17,101,29,9
806641201,93,104,92,11,100
802880017,15,46,40,41,67
802018359,16,57,42,4,46
800622232,9,1,48,92,85
800560036,36,77,81,19,39
800233081,86,56,25,11,47
798360738,71,103,7,89,46
797848536,80,71,6,59,4
796811914,5,13,89,36,46
796748643,48,78,18,36,5
796381140,106,98,10,2,19
794812082,57,104,11,35,9
794495426,68,23,6,44,16
794417412,44,23,69,35,101
792839380,11,44,18,30,78
790549570,40,44,36,16,35
790237014,101,44,62,80,2
788812625,13,46,71,32,53
786806398,25,30,65,14,71
786087012,59,69,53,2,86
785920568,48,50,14,47,39
784948181,25,23,58,43,62
784828867,33,12,35,67,11
784407757,59,43,48,107,100
784340737,94,28,4,70,5
784229274,40,62,43,44,21
783914366,8,68,93,34,20
783867282,93,6,39,4,36
780644571,58,59,10,44,17
780512187,39,47,10,6,5
778861031,72,6,90,32,35
778745299,101,15,53,88,14
773892674,86,19,53,69,46
773804879,63,54,58,93,27
773599549,69,81,6,39,61
773304194,8,74,100,102,32
773255376,74,15,26,11,9
773119414,16,53,27,101,19
773062638,35,27,106,53,88
771607771,29,12,50,41,86
771543555,36,39,23,81,20
768364968,1,90,53,36,41
768177577,49,62,20,42,50
766809955,40,5,8,54,35
765036226,81,41,11,47,6
763026057,99,4,34,73,101
762818702,18,35,46,90,100
762779480,35,57,38,62,44
762704051,64,51,50,14,42
762666270,32,9,83,86,44
762542350,64,73,32,102,47
761490774,74,23,22,99,4
760918131,8,41,74,30,51
760673498,97,64,32,44,30
759628028,48,65,26,30,32
747949816,15,41,33,47,75
747878196,26,90,41,4,22
747696849,4,37,91,96,2
746104516,69,7,110,63,46
745908864,32,26,6,106,9
744461161,63,98,82,106,35
744161503,26,61,79,83,1
744019202,1,99,95,53,36
742793665,97,78,57,86,41
742461799,19,72,50,15,7
742291919,110,37,69,14,35
741928502,97,20,36,45,75
740645922,44,33,53,69,14
738826597,17,78,7,73,20
738310943,35,32,82,36,6
736783478,86,31,82,78,7
736740893,62,40,88,30,38
736612343,85,82,17,30,86
734987293,71,55,70,22,67
734592158,35,98,50,59,14
734373324,12,1,9,28,80
732239826,102,22,86,42,31
732200230,100,54,4,35,10
728605839,46,1,40,48,6
728090704,12,75,81,14,84
726728791,54,44,86,95,99
726158198,6,74,82,99,104
724847601,6,2,35,74,44
724185524,101,49,4,58,67
722691785,26,56,78,73,4
722539183,104,31,8,25,78
722363364,4,74,44,102,32
720570397,93,74,49,25,35
720427778,1,40,4,21,39
718612673,20,78,62,90,71
716823844,48,40,76,17,32
716526162,99,74,6,41,31
714488772,28,53,80,41,44
714455206,10,49,15,82,32
712963549,93,95,83,6,32
712743502,42,83,15,6,71
711467524,35,47,7,90,100
710766171,4,94,84,5,97
710694480,4,28,14,70,36
710662617,64,70,4,17,47
709257495,74,99,82,4,20
709199454,70,81,56,14,35
707539712,64,34,62,8,11
706914877,54,19,49,22,62
706711970,81,28,53,95,27
705081522,60,4,39,20,48
704719763,92,34,28,14,4
704675856,54,14,70,75,2
703599138,21,63,1,99,30
703006925,6,32,73,54,76
701709788,21,77,4,43,25
701580620,35,30,104,32,59
701427930,84,43,99,32,58
701264622,81,57,44,99,9
701032670,49,26,96,98,13
699930480,4,35,48,66,92
699728939,99,75,4,26,68
699519734,78,14,43,17,34
699224750,26,2,22,15,35
697764634,70,86,53,4,42
697423705,90,82,5,109,9
697014384,13,70,7,18,26
695273363,70,4,72,7,87
695051029,2,89,53,87,82
694958911,56,2,44,74,90
693724005,93,17,94,57,74
693599527,93,110,28,56,4
692773287,50,93,19,32,35
690972150,74,80,4,2,32
690704164,2,16,17,57,21
688170892,59,25,74,13,21
688141041,49,74,18,20,4
687118660,22,90,25,19,11
686205346,8,47,43,17,59
685344246,6,41,8,47,30
685244359,90,19,65,26,14
684937516,56,76,74,59,98
683042450,32,53,102,30,17
682964924,1,9,32,44,57
681644343,102,7,44,42,49
679402150,9,106,14,32,100
679275953,41,22,90,20,97
677733080,18,73,6,12,77
675712976,75,11,28,93,35
673693328,74,81,75,29,102
673479159,44,45,22,34,77
672269776,6,77,104,86,28
670516502,74,12,106,75,77
668984696,32,101,51,2,43
668873796,36,28,51,103,86
668125069,65,49,93,32,13
667126013,95,96,29,15,65
666863782,75,65,86,44,21
666409992,70,100,53,39,67
664322638,70,74,38,12,36
664277554,6,16,14,86,15
664228567,32,17,14,26,98
662670718,18,22,48,13,49
662532774,64,14,100,74,75
662321644,32,2,26,14,16
662242861,99,84,14,63,47
661032310,104,78,14,74,76
660841800,35,15,64,78,32
660776409,53,64,100,13,31
660700458,64,8,104,76,19
660680691,37,84,104,17,19
659078390,42,37,26,100,35
658874265,32,84,13,47,74
658839406,32,100,13,70,4
657490694,70,6,23,68,71
656299465,71,37,67,100,32
655915573,25,74,38,40,64
655764364,22,31,100,68,47
655724181,59,44,22,26,15
652198650,49,46,100,6,17
651891308,100,46,6,15,7
650222283,15,60,22,4,57
650098518,14,64,77,19,41
650058565,37,14,19,74,45
648535005,35,8,87,56,19
647101411,64,88,81,95,72
647052620,62,14,29,67,8
644330286,2,14,7,4,62
640512752,6,101,17,93,87
640345486,13,6,87,74,32
615143433,23,90,20,50,56
6830363744,64,106,59,41,71
5341647036,35,91,73,42,62
5330777021,93,30,13,28,9
5328766759,2,34,93,88,47
5323528390,74,4,14,28,73
5314709318,10,13,45,58,105
5313382822,22,114,41,64,30
5302724454,64,45,93,28,58
5298903454,70,20,99,47,112
5294078534,26,101,109,4,120
5290450865,82,44,50,128,105
5290387263,93,95,107,12,75
5290198228,62,99,22,128,35
4958283705,26,86,98,22,1
4156562949,99,22,121,1,26
4135324283,36,20,73,106,14
4118568986,14,105,32,107,50
4110445665,50,74,12,40,42
4108616888,12,119,39,75,99
4107100127,67,98,119,121,64
3771542608,87,99,10,47,92
3577648982,91,120,112,1,52
3570689412,21,72,15,90,53
3563469663,90,101,13,81,40
3558297883,86,74,57,114,96
3557652559,21,1,57,11,112
3542449800,102,13,55,82,86
3533561490,12,85,9,71,14
3529944324,37,70,88,18,32
3527758740,90,11,7,54,71
3525773095,74,28,10,101,19
3518778283,1,35,2,88,7
3492434779,64,75,20,12,7
3488645022,35,64,56,99,7
3487843280,112,21,67,26,28
3484630128,84,72,39,47,4
3482647360,90,1,28,98,75
3476209470,86,21,22,51,63
3468191028,21,2,75,69,28
3345899220,87,10,80,13,40
3345859926,110,2,71,86,74
3286100947,5,104,7,11,94
3193418450,86,44,29,114,12
2977316871,72,20,57,54,51
2963845090,50,96,76,1,60
2954944816,5,48,108,74,63
2935059529,44,99,7,17,63
2934320737,36,1,11,84,88
2925448988,83,47,20,74,93
2924829658,81,8,39,93,90
2909182127,45,113,17,59,72
2908058865,94,99,9,3,107
2904902311,50,25,86,1,98
2904408831,53,3,82,14,10
2900479777,9,89,51,26,36
2897869947,39,20,64,94,99
2895353581,9,79,2,89,1
2895281802,36,98,1,37,84
2891569287,86,50,10,51,39
2890543983,35,20,54,89,41
2886916103,64,93,28,26,114
2886216273,97,105,90,65,11
2884896829,4,34,84,82,108
2883672516,11,105,53,14,114
2881653024,105,14,30,9,48
2877669594,52,3,34,97,67
2876894200,63,64,6,93,28
2875000669,78,73,66,76,53
2873506053,54,6,28,2,64
2873407033,106,34,20,84,69
2870019420,32,14,9,10,88
2864121393,34,104,98,67,26
2859933957,26,93,40,12,71
2836185334,76,48,67,83,104
2826760641,57,67,34,99,20
2822913790,1,76,50,84,28
2820352460,62,73,26,10,98
2813434951,17,43,31,1,2
2808965671,74,69,71,79,6
2807537191,83,1,16,14,104
2802113407,99,87,5,74,41
2801382776,33,10,111,67,62
2800088472,75,6,58,20,57
2797524837,100,14,13,62,9
2791049590,18,36,67,13,20
2787829694,1,32,101,96,34
2786681393,22,18,73,76,26
2783906889,26,70,97,40,23
2781405384,61,8,99,78,83
2780433628,26,9,101,11,1
2780319480,17,37,6,41,16
2778315771,50,68,104,7,63
2777834439,14,95,39,106,25
2775382343,90,60,104,54,11
2771127037,21,7,16,47,98
2770154690,16,67,97,28,53
2768876657,42,83,76,98,5
2768506577,100,64,95,111,76
2768422662,10,28,86,34,50
2766488167,23,93,30,29,83
2766023483,26,56,49,90,78
2765988513,52,45,30,6,50
2764885994,34,47,18,84,90
2764778758,50,53,28,76,10
2764362349,2,22,98,75,4
2760745433,109,26,46,97,86
2023661960,53,113,21,32,73
1994703118,104,11,97,55,88
1992979534,97,87,88,8,11
1992813856,80,98,97,106,40
1991653289,86,53,101,93,22
1990645016,46,63,91,9,28
1987825206,105,74,106,102,99
1987389370,97,80,72,106,30
1986446804,16,106,50,97,11
1984284055,12,75,97,101,87
1981445339,11,79,9,86,36
1978929305,47,89,112,50,29
1973904141,26,11,112,106,97
1972683432,30,44,82,21,59
1971942280,88,58,85,104,54
1971869091,32,7,14,57,3
1967526667,112,21,49,7,23
1966037726,73,104,62,25,44
1962384551,41,5,7,11,28
1961211000,112,62,61,1,100
1960606710,19,62,79,63,11
1959284071,88,72,34,110,85
1958595793,104,57,88,83,39
1958112914,93,106,86,25,112
1954897118,96,73,100,22,98
1951918048,45,30,47,50,6
1951679588,56,81,100,22,8
1947717681,48,62,30,22,28
1945715719,70,7,8,45,11
1944706796,3,9,89,101,99
1937948028,86,37,12,11,29
1931126459,8,101,16,13,6
1928404588,73,48,3,44,30
1925435361,100,91,51,10,47
1920556809,60,94,34,26,58
1917521654,112,90,104,51,73
1917449585,11,51,102,77,103
1911391608,40,54,8,17,49
1911015078,21,12,5,16,54
1896010247,69,73,100,21,75
1886580978,20,94,67,50,84
1884175607,104,88,21,12,75
1880017451,16,69,39,81,62
1868521322,86,53,26,18,11
1868219534,23,96,94,26,30
1863939213,18,102,17,86,12
1863261735,4,5,25,46,67
1863211720,85,21,35,76,83
1860846719,64,49,104,82,5
1860076697,102,39,80,36,94
1858320706,35,21,11,1,14
1856871686,2,32,34,7,1
1851981991,82,19,106,16,91
1851835280,94,56,11,30,101
1851285796,11,21,69,73,101
1851225715,20,12,104,101,38
1848934068,59,53,62,11,110
1846279711,26,104,102,1,11
1590549432,42,27,34,75,9
1585125313,22,74,104,4,27
1577151360,46,27,92,73,23
1577012870,42,103,101,74,81
1576264087,94,87,99,59,74
1574229017,58,34,22,55,1
1571692563,8,73,22,40,74
1562536012,31,46,52,53,9
1541221083,72,32,44,21,69
1537336033,52,98,2,86,12
1516613277,105,15,80,101,28
1509416437,87,1,68,9,14
1505591448,88,69,62,84,47
1498443101,34,35,51,72,84
1496982232,39,88,84,7,35
1490542369,21,25,105,49,72
1483340197,9,11,96,19,105
1475267208,2,105,89,35,19
1474410800,14,99,33,48,44
1472473105,60,62,40,33,76
1470456743,58,6,67,1,104
1470147121,41,87,33,7,75
1467672543,54,106,26,67,21
1465636264,5,11,19,100,96
1458708330,39,1,89,16,87
1458640390,41,36,110,11,25
1457561371,87,23,36,17,43
1457430745,5,1,54,95,98
1456518137,36,62,97,70,29
1456270189,95,102,94,28,87
1454767170,69,109,50,34,49
1449164557,39,11,7,70,5
1449069247,14,110,94,41,35
1448990268,5,28,71,80,93
1444385680,63,106,101,26,14
1441555057,7,25,44,89,94
1437864365,26,92,10,11,35
1434765907,52,23,111,80,35
1434638221,2,30,41,80,14
1433975227,101,41,107,48,4
1431565479,73,21,11,101,1
1418679109,99,71,105,53,14
1408347675,23,75,87,21,41
1405950898,17,99,35,8,62
1402301747,22,11,44,16,35
1388571309,10,40,15,11,95
1385893424,18,1,76,31,87
1379301472,109,35,30,2,21
1375856776,2,88,9,35,43
1372435010,14,4,82,23,94
1371049511,19,4,98,91,65
1355321341,3,95,40,85,14
1338786845,1,3,106,63,14
1331225543,5,22,74,8,11
1330657804,39,14,21,44,86
1328873019,62,82,22,1,32
1328722251,104,94,72,13,15
1322753799,34,86,99,33,4
1322377352,11,17,56,45,82
1320070013,8,9,35,93,30
1318503707,95,12,33,106,34
1312256091,17,71,93,80,32
1311923902,69,99,90,81,95
1304709405,29,14,44,93,26
1304595320,62,49,43,64,109
1304190508,76,71,11,21,56
1300992627,96,10,35,3,103
1298944576,111,84,74,41,94
1291328384,53,43,71,17,21
1285014161,25,94,26,16,99
1284905182,62,17,36,9,2
1283042789,104,8,47,20,16
1282135571,34,14,100,1,23
1279428135,20,82,28,51,75
1262384126,26,6,39,8,51
1255987511,30,26,17,16,72
1255892884,8,46,88,34,29
1249773601,12,112,94,43,26
1239162257,6,7,109,104,84
1139440181,93,104,26,6,35
1139285559,90,91,105,1,110
1136693721,74,35,70,63,44
1136622133,33,53,10,76,84
1130222040,95,76,104,97,30
1129163236,19,70,44,22,58
1129074307,96,92,47,110,2
1125287090,104,26,71,54,56
1124390213,41,54,59,82,86
1119591490,53,71,34,19,35
1119252104,13,1,75,55,69
1117481284,48,15,7,42,14
1116673651,9,10,26,86,70
1116487963,83,110,47,40,22
1108243762,4,32,86,71,14
1103002272,38,98,17,21,16
1100905061,8,22,26,34,88
1098785223,11,41,25,107,23
1098118291,54,102,79,95,14
1096118714,74,11,22,98,104
1094890020,87,14,28,86,78
1094108955,54,30,38,89,88
1094094905,51,20,54,86,41
1089744104,41,62,61,101,88
1085630846,8,31,62,93,65
1066764134,3,42,104,93,25
1065928999,96,11,32,25,71
1064840226,74,75,44,82,64
1064169641,111,40,18,43,9
1064006364,49,90,59,72,93
1062793992,4,86,94,34,92
1062506840,94,96,23,58,1
1062155530,14,99,35,106,111
1055527972,36,102,73,11,41
1054822073,81,91,14,15,84
1052872595,44,9,109,38,17
1048924729,35,75,16,14,42
1044640400,93,101,59,110,86
1043972124,29,45,62,8,86
1043700548,34,41,88,8,101
1033088605,23,74,28,88,50
1031543868,67,109,65,13,106
1030991019,74,6,95,14,55
1030722320,51,9,59,106,44
1029652284,76,16,63,50,41
1029488447,8,104,73,86,14
1029034702,14,26,6,77,74
1024134971,53,44,27,30,32
1020730357,104,84,5,67,59
1014427762,49,103,14,7,67
1014334353,53,11,17,25,88
1013842132,88,97,14,72,63
1013794728,55,54,59,27,1
1012461267,74,30,48,23,99
1012340801,21,109,35,75,104
1009891495,99,101,4,93,82
1005167214,41,5,39,17,18
1005091246,23,35,84,34,18
1005048510,10,60,15,86,28
1001631885,72,3,34,47,6
1000708924,2,72,85,14,11
999505255,97,6,20,44,94
999384029,41,47,26,39,19
999121839,32,26,13,42,35
998607328,17,26,37,16,77
996910895,104,83,62,35,80
994785409,105,19,86,53,59
994030879,102,110,14,28,3
993780773,41,77,83,26,17
992656620,30,93,34,65,26
991774714,31,59,77,7,14
990158450,90,59,78,110,53
988373931,14,96,22,8,101
988104138,1,74,20,69,32
986034947,94,81,21,32,9
983958694,35,44,46,51,107
983797420,14,1,84,46,11
983706470,12,78,27,2,109
981403327,32,21,31,84,41
979624425,43,27,8,14,47
979555627,104,41,32,99,35
979458635,106,20,73,9,99
977870878,84,4,6,28,42
976215560,4,68,46,52,58
974074806,34,74,14,105,95
973794429,109,107,37,46,1
972026426,36,14,71,52,61
970266778,31,97,60,82,101
965172345,23,69,75,53,28
963253558,101,105,107,97,11
961901895,17,98,80,37,91
956330042,44,53,105,98,65
955550658,39,73,48,86,35
949430921,68,11,41,9,7
948922574,62,41,3,99,59
947025300,12,80,86,64,13
946988137,6,80,105,78,14
945697728,107,11,10,53,42
945131882,58,102,9,98,53
943623708,82,14,71,69,89
943211694,106,34,30,44,29
943107027,74,51,72,98,12
941592743,7,46,1,74,71
936420333,19,104,12,91,93
936074685,8,54,10,22,4
934910345,41,25,52,47,14
934554496,93,101,106,41,30
934473452,89,86,17,101,6
934261551,104,51,14,4,22
934146896,81,99,71,53,21
933029437,8,38,104,89,73
932814939,32,41,15,71,79
932592083,83,78,101,41,81
928782308,59,95,91,39,22
928693001,32,29,72,31,63
923726082,4,7,28,100,20
921040649,79,7,35,11,68
918457372,70,27,26,74,43
916473341,94,22,44,8,9
914589656,45,44,22,93,32
913244811,31,6,77,42,14
910088461,10,9,35,46,76
907834688,35,77,91,56,20
906398159,82,74,32,18,60
905853266,14,23,69,53,94
896306434,74,4,99,100,72
895420372,101,57,90,13,81
893012793,87,82,26,8,43
892924538,4,53,13,88,69
892582151,106,101,105,54,35
890875750,4,87,53,71,2
890785252,36,59,95,14,107
890699481,67,97,13,104,15
890436166,7,61,96,34,105
890361032,37,77,82,53,41
888637496,1,26,75,19,35
888581618,54,85,34,33,95
888537100,28,47,35,86,51
887419833,22,69,86,9,84
886926442,14,75,51,84,89
882792225,35,9,1,104,43
882670932,63,26,1,83,13
882619916,23,26,76,74,101
882540864,7,99,77,40,62
882496104,34,26,69,80,110
881237048,54,32,105,90,3
880499165,109,14,41,18,27
877990782,42,94,105,14,22
877608149,105,14,8,45,13
875491906,34,14,12,69,21
875328841,6,3,104,74,27
875206770,31,12,100,33,105
875139647,40,12,101,53,11
874942328,30,18,84,12,54
873773463,37,26,48,44,99
873509285,8,53,29,88,101
870229117,34,9,45,44,19
869991930,74,17,28,101,8
863296895,70,25,74,9,76
863167910,98,11,12,53,84
860768530,70,59,19,41,35
853389874,6,1,4,60,38
853076122,30,104,2,101,74
851282306,99,35,13,95,80
850834839,41,54,72,22,42
850018303,35,74,41,12,8
847659436,74,50,95,66,4
845639263,35,101,86,25,94
839673841,109,62,14,49,35
838783998,4,15,21,14,88
837662450,16,11,7,5,18
832973034,23,44,51,20,81
830933663,12,33,21,54,79
828581738,19,50,2,69,11
827511295,28,35,67,104,53
827294313,104,32,61,6,74
826619729,59,54,6,14,5
823237631,53,9,75,16,81
823152213,44,58,4,86,35
821831918,48,46,62,73,19
820032876,44,23,14,46,15
818189125,75,32,7,44,52
817828903,22,32,93,77,29
814209298,43,14,71,57,36
813888583,20,16,1,8,7
813802637,28,104,74,91,86
813534278,78,73,35,106,37
811858971,80,64,44,59,27
811654068,71,50,67,55,37
810700951,58,15,96,85,47
810495447,33,90,4,15,44
810417495,9,45,86,41,43
808157625,5,48,8,103,88
804506093,41,43,44,13,26
802195717,66,72,27,98,14
800917238,8,25,43,83,35
800856727,72,66,88,41,16
800761535,22,35,79,14,17
800156790,97,63,76,73,31
799975148,47,41,8,29,63
798941915,62,11,5,99,73
798152688,62,54,1,98,101
797940382,89,3,35,25,67
796229720,35,104,40,59,107
790746273,93,106,31,43,53
790302212,104,44,7,21,33
786539921,82,14,21,73,59
786197105,96,19,26,41,39
784088657,101,88,29,34,48
783060241,9,106,17,107,18
782930196,35,63,94,68,16
780798146,56,88,65,30,14
779154525,91,53,14,101,35
778918873,44,19,35,8,86
778691728,11,69,106,90,53
778639313,58,47,106,30,18
777412784,5,27,35,43,73
777118248,101,15,46,11,4
775589155,34,18,7,9,41
774301158,51,80,94,26,50
773009643,9,42,12,72,23
771989525,41,7,109,81,88
771671601,10,59,13,84,32
771374589,94,54,84,9,89
771316583,14,32,72,91,7
770199826,87,15,78,39,50
770138751,47,14,8,50,1
769937524,94,47,95,100,58
768020803,104,8,22,19,16
763125567,35,28,88,22,20
762572790,82,26,51,104,14
761264177,21,35,73,91,15
759024391,35,51,76,11,53
758963691,49,19,55,53,48
755768587,88,70,41,26,53
754029985,82,81,58,101,109
751940382,32,71,20,56,46
747648466,93,14,39,106,47
744582208,36,9,13,51,34
743914572,17,45,62,11,46
743745350,21,99,62,52,7
742377142,96,88,17,69,53
742144127,2,33,16,102,82
740572817,74,62,69,26,19
740387335,35,55,61,69,71
740235904,44,20,21,69,57
740146595,15,44,30,97,78
740108846,69,10,30,32,2
738461233,75,27,97,93,48
738337426,84,63,22,34,88
736473783,95,1,35,102,76
734463929,6,43,13,58,68
732825607,82,81,3,41,101
730486656,82,10,52,44,4
730418577,35,41,13,104,91
730354420,65,46,86,81,75
730106153,35,33,59,7,75
730001751,86,49,70,35,82
728742198,23,50,96,9,37
728479829,106,29,63,53,62
726443339,66,73,35,4,6
726387189,106,42,21,99,35
724557758,25,32,77,1,62
724309896,44,6,51,73,74
724216110,32,14,63,86,67
724097919,1,14,2,107,77
722858272,4,55,59,81,62
722586026,79,82,76,62,6
722443967,44,82,107,97,21
722382895,6,66,86,64,77
721196659,33,78,88,56,73
720643349,44,93,37,74,104
720392175,32,49,100,39,62
720312962,7,70,101,6,54
718989898,32,93,15,18,67
718558321,7,6,76,74,78
718258333,44,68,15,4,2
716756004,12,78,6,4,9
716573695,74,99,54,31,15
716317840,37,41,32,63,1
715291559,23,78,25,53,90
714868366,32,35,6,14,71
714705246,48,4,16,52,49
713404609,84,32,64,75,94
713278740,70,75,32,7,96
712881023,6,90,62,76,99
711546563,79,98,67,99,17
711091095,21,4,82,30,104
709593518,40,41,103,4,64
709337385,35,96,43,54,53
708993308,104,18,30,26,93
707391657,44,2,17,69,51
707327614,58,20,8,4,97
706673834,7,54,69,62,63
705636016,62,2,26,81,58
703227200,34,92,32,7,56
702905396,44,62,54,41,101
702667289,25,80,14,44,4
701334068,64,76,39,44,60
700942048,106,104,44,51,17
700819642,26,14,4,1,17
699805940,12,10,30,76,8
699375182,2,26,11,82,43
699306981,8,21,74,51,5
699138442,28,17,49,68,82
697883421,46,53,39,26,96
697679948,87,17,63,62,32
697348211,74,32,55,104,6
697226988,6,4,15,51,55
695907059,11,101,51,35,6
695821104,71,39,74,96,86
695656328,29,39,96,91,46
695183867,35,59,82,87,13
695019404,73,63,38,74,30
693490644,9,79,59,32,35
693155018,73,2,30,9,47
691535047,54,21,70,27,49
691356685,99,4,74,32,109
690589676,19,23,110,30,93
689998664,12,84,88,26,102
688636178,16,34,6,35,74
688468442,90,100,20,14,54
686268839,35,2,63,78,19
686235853,67,32,60,22,39
683422201,26,44,90,42,76
683305334,32,44,71,72,7
679851953,44,17,46,37,62
677845532,46,15,78,79,53
677266835,22,20,17,63,25
677189805,98,44,100,7,11
677136520,62,80,11,59,56
673603738,7,100,2,28,58
670325158,20,80,49,46,71
666296586,32,74,70,86,46
666248179,4,16,13,74,34
666211716,43,74,17,35,59
662596851,14,6,100,74,27
662300185,7,99,14,13,20
662173549,57,104,34,46,32
660727636,6,84,68,34,19
659482254,8,64,39,32,68
659231217,13,99,68,100,20
658913737,100,46,15,72,59
657796555,99,60,47,13,8
657331349,37,68,54,35,77
657209587,15,71,44,68,30
656200324,47,35,84,13,61
655844256,79,15,38,19,7
653908596,88,35,22,67,97
653821908,99,19,100,13,14
653535537,46,22,35,55,5
651942258,62,45,46,104,71
650392823,35,8,87,91,14
650337686,64,19,67,52,17
648752355,74,77,25,64,48
647344123,12,7,54,6,14
646911116,4,6,37,67,18
646826464,49,47,67,16,71
645410117,20,90,73,67,47
642541276,4,15,49,53,14
642028854,84,32,109,19,18
641888488,77,19,32,23,7
