win,match_id,player_slot,radiant_win,duration,game_mode,lobby_type,hero_id,start_time,version,kills,deaths,assists,skill,average_rank,leaver_status,party_size
1,6830491158,132,0,4568,22,0,63,1667058864,NULL,14,7,18,NULL,33,0,2
1,5341715143,132,0,1954,22,0,97,1586338027,NULL,12,2,13,1,NULL,0,4
1,5309524257,132,0,2199,22,0,46,1584972169,21,9,2,10,1,NULL,0,5
1,5301375978,132,0,3673,22,0,101,1584624165,21,10,8,19,1,NULL,0,5
1,5296047847,132,0,1971,22,0,84,1584369291,NULL,3,1,10,1,NULL,0,4
1,4156633671,2,1,4257,22,7,8,1538896147,NULL,18,10,17,NULL,NULL,0,NULL
1,4136827498,3,1,2483,22,7,84,1537882146,21,4,6,26,1,NULL,0,NULL
1,4135182635,2,1,2884,22,7,112,1537793053,NULL,1,6,16,NULL,NULL,0,NULL
1,4125884751,3,1,2277,22,0,101,1537349029,NULL,5,5,18,1,NULL,0,NULL
1,4115164347,129,0,2292,22,0,50,1536820920,NULL,3,2,17,1,NULL,0,NULL
1,4114148540,128,0,2926,22,0,72,1536760723,NULL,7,6,18,1,NULL,0,NULL
1,4112116678,130,0,5198,22,0,36,1536658198,NULL,12,9,19,NULL,NULL,0,NULL
1,4104268270,4,1,2756,22,0,97,1536296557,NULL,6,4,17,1,NULL,0,NULL
1,3646560125,130,0,2526,22,7,7,1514468791,21,1,5,17,NULL,NULL,0,3
1,3607216737,2,1,3144,22,7,98,1512802839,NULL,11,8,15,NULL,NULL,0,NULL
1,3570975546,0,1,2632,4,0,28,1511093537,NULL,2,7,21,1,NULL,0,NULL
1,3546331617,130,0,2311,22,7,4,1509963249,NULL,4,9,12,NULL,NULL,0,NULL
1,3544822057,129,0,2609,22,7,16,1509891703,NULL,4,5,22,NULL,NULL,0,NULL
1,3542194982,1,1,2663,22,7,81,1509799665,NULL,12,6,6,NULL,NULL,0,NULL
1,3541775770,4,1,1909,22,7,15,1509787490,NULL,11,1,9,NULL,NULL,0,NULL
1,3537938694,3,1,2879,22,7,81,1509632858,NULL,13,5,14,NULL,NULL,0,NULL
1,3531778682,2,1,2800,22,7,51,1509373062,NULL,4,9,16,1,NULL,0,NULL
1,3518425247,1,1,2555,22,7,84,1508757334,20,1,9,20,1,NULL,0,2
1,3484062421,1,1,2341,22,7,97,1507199464,NULL,5,3,20,1,NULL,0,2
1,3294668616,130,0,1082,22,0,70,1499264943,NULL,2,0,2,2,NULL,0,NULL
1,2939621260,2,1,2069,22,7,29,1485426378,NULL,3,2,28,NULL,NULL,0,NULL
1,2938035042,131,0,2234,22,7,108,1485353374,NULL,5,4,28,NULL,NULL,0,NULL
1,2936032960,2,1,1735,22,7,77,1485264745,NULL,4,4,14,NULL,NULL,0,NULL
1,2934079733,131,0,2296,22,7,55,1485177815,NULL,6,2,31,NULL,NULL,0,NULL
1,2933474852,2,1,1545,22,7,20,1485156120,NULL,2,2,17,NULL,NULL,0,NULL
1,2933140292,129,0,2868,1,0,104,1485138800,NULL,8,6,24,NULL,NULL,0,NULL
1,2931349392,129,0,1882,1,0,106,1485069855,NULL,21,2,10,NULL,NULL,0,NULL
1,2930044616,130,0,2729,22,7,63,1485013616,NULL,10,3,13,NULL,NULL,0,NULL
1,2919704900,130,0,2368,22,7,101,1484574627,NULL,2,3,19,NULL,NULL,0,NULL
1,2916465369,132,0,3699,22,7,101,1484448512,NULL,15,7,24,NULL,NULL,0,NULL
1,2915080799,130,0,2307,4,0,33,1484397971,NULL,1,4,13,NULL,NULL,0,NULL
1,2911183465,130,0,1784,4,0,104,1484234651,NULL,15,4,7,NULL,NULL,0,NULL
1,2906833757,2,1,2435,22,7,7,1484050842,NULL,5,7,17,NULL,NULL,0,NULL
1,2902882341,129,0,4628,22,7,70,1483884187,NULL,17,11,16,NULL,NULL,0,NULL
1,2894944705,131,0,2808,22,7,70,1483594016,NULL,14,5,9,NULL,NULL,0,NULL
1,2894722743,2,1,2663,1,0,106,1483581768,NULL,16,8,18,NULL,NULL,0,NULL
1,2893840764,129,0,3212,22,7,98,1483542302,NULL,17,4,17,NULL,NULL,0,NULL
1,2891337218,3,1,2563,22,7,63,1483446630,NULL,12,3,21,NULL,NULL,0,NULL
1,2890737953,130,0,2627,22,7,101,1483426590,NULL,3,2,16,NULL,NULL,0,NULL
1,2889386148,4,1,2548,22,7,87,1483366684,NULL,5,6,19,NULL,NULL,0,NULL
1,2888747439,131,0,1942,22,7,101,1483349344,NULL,7,5,16,NULL,NULL,0,NULL
1,2887174397,2,1,3240,22,7,63,1483284760,NULL,21,2,15,NULL,NULL,0,NULL
1,2880181105,4,1,3118,22,7,114,1483023366,NULL,13,5,17,NULL,NULL,0,NULL
1,2876703697,3,1,2026,22,7,114,1482894527,NULL,16,2,12,NULL,NULL,0,NULL
1,2876652344,131,0,2170,22,7,28,1482891788,NULL,4,2,24,NULL,NULL,0,NULL
1,2875590679,2,1,2838,22,7,28,1482847099,NULL,2,6,7,NULL,NULL,0,NULL
1,2872468499,4,1,2847,22,7,28,1482732777,NULL,4,6,23,NULL,NULL,0,NULL
1,2866735404,2,1,3445,22,7,75,1482505798,NULL,7,5,33,NULL,NULL,0,NULL
1,2865938516,4,1,2608,22,7,84,1482483191,NULL,6,5,19,NULL,NULL,0,NULL
1,2864450064,132,0,3243,22,7,101,1482417389,NULL,5,11,10,NULL,NULL,0,NULL
1,2862568896,130,0,2479,22,7,97,1482337286,NULL,14,3,5,NULL,NULL,0,NULL
1,2862451369,132,0,1979,22,7,84,1482333341,NULL,7,0,9,NULL,NULL,0,NULL
1,2861872430,131,0,2662,22,7,112,1482317511,NULL,0,6,20,NULL,NULL,0,NULL
1,2861529057,132,0,1798,22,7,101,1482304572,NULL,11,2,16,NULL,NULL,0,NULL
1,2861454701,1,1,2797,22,7,7,1482301123,NULL,6,6,22,NULL,NULL,0,NULL
1,2861224006,2,1,3033,1,0,96,1482287814,NULL,9,7,27,NULL,NULL,0,NULL
1,2837851872,3,1,1820,22,7,98,1481445460,NULL,5,2,6,NULL,NULL,0,NULL
1,2837486312,3,1,1888,22,7,100,1481435059,NULL,2,6,16,NULL,NULL,0,NULL
1,2832724488,3,1,2959,22,7,29,1481276843,NULL,4,8,22,NULL,NULL,0,NULL
1,2830949365,3,1,4425,22,7,85,1481202005,NULL,9,9,27,NULL,NULL,0,NULL
1,2829072393,129,0,2775,22,7,51,1481119788,NULL,14,3,16,NULL,NULL,0,NULL
1,2828854086,130,0,949,1,0,62,1481114108,NULL,4,2,5,NULL,NULL,0,NULL
1,2824873468,130,0,3764,22,7,51,1480945038,NULL,8,5,26,NULL,NULL,0,NULL
1,2821973132,4,1,2539,22,7,8,1480836981,NULL,15,3,12,NULL,NULL,0,NULL
1,2821505130,2,1,2856,22,7,104,1480820721,NULL,12,3,14,NULL,NULL,0,NULL
1,2820532428,128,0,1961,22,7,97,1480779945,NULL,7,2,18,NULL,NULL,0,NULL
1,2818056791,3,1,2174,22,7,69,1480694185,NULL,7,3,23,NULL,NULL,0,NULL
1,2815926825,0,1,1610,22,7,99,1480608031,NULL,13,0,25,NULL,NULL,0,NULL
1,2812874879,132,0,2237,22,7,98,1480489818,NULL,16,2,19,NULL,NULL,0,NULL
1,2811634427,132,0,2227,22,7,55,1480430859,NULL,2,6,17,NULL,NULL,0,NULL
1,2808642420,3,1,2543,1,0,73,1480312126,NULL,15,1,13,NULL,NULL,0,NULL
1,2806430290,130,0,2848,22,7,2,1480230073,NULL,14,5,14,NULL,NULL,0,NULL
1,2804985527,130,0,4969,22,7,28,1480174826,NULL,7,9,28,NULL,NULL,0,NULL
1,2802212124,2,1,4177,22,7,18,1480082907,NULL,14,10,16,NULL,NULL,0,NULL
1,2801196739,0,1,1868,22,7,104,1480048767,NULL,10,5,14,NULL,NULL,0,NULL
1,2799495437,129,0,3018,1,0,98,1479979412,NULL,12,4,14,NULL,NULL,0,NULL
1,2798197952,131,0,2263,22,7,26,1479915846,NULL,2,8,16,NULL,NULL,0,NULL
1,2792840617,130,0,3220,1,0,17,1479692991,NULL,18,10,19,NULL,NULL,0,NULL
1,2791662697,4,1,2412,22,7,93,1479646369,NULL,10,3,16,NULL,NULL,0,NULL
1,2789001708,1,1,2324,22,7,99,1479560967,NULL,7,0,16,NULL,NULL,0,NULL
1,2788872592,2,1,2372,22,7,70,1479557935,NULL,10,3,5,NULL,NULL,0,NULL
1,2781364294,131,0,2143,1,0,104,1479262581,NULL,15,2,15,NULL,NULL,0,NULL
1,2778438535,129,0,2832,4,0,67,1479133806,NULL,13,2,15,NULL,NULL,0,NULL
1,2776177258,4,1,2108,22,7,99,1479043917,NULL,4,3,12,NULL,NULL,0,NULL
1,2773541685,3,1,3383,22,7,96,1478959277,NULL,3,5,29,NULL,NULL,0,NULL
1,2772653686,131,0,2968,22,7,31,1478935418,NULL,10,6,13,NULL,NULL,0,NULL
1,2770094650,132,0,2441,1,0,7,1478841826,NULL,7,5,23,NULL,NULL,0,NULL
1,2769960452,129,0,2547,1,0,19,1478834968,NULL,21,3,9,NULL,NULL,0,NULL
1,2037842736,132,0,2285,22,7,39,1451369869,NULL,12,2,15,NULL,NULL,0,NULL
1,2036638414,132,0,4480,22,7,100,1451318397,NULL,1,13,23,NULL,NULL,0,NULL
1,2036475246,130,0,2909,1,0,72,1451314491,NULL,13,5,15,NULL,NULL,0,NULL
1,2035188209,3,1,2873,22,7,97,1451278456,NULL,7,6,13,NULL,NULL,0,NULL
1,2033926300,132,0,3398,22,7,98,1451228108,NULL,9,7,11,NULL,NULL,0,NULL
1,2033778279,129,0,2341,22,7,56,1451224820,NULL,3,5,6,NULL,NULL,0,NULL
1,2033655452,129,0,1968,22,7,28,1451222181,NULL,4,7,20,NULL,NULL,0,NULL
1,2031198767,3,1,2876,22,7,104,1451142812,NULL,2,7,11,NULL,NULL,0,NULL
1,2030021584,131,0,2687,22,7,51,1451113937,NULL,7,6,20,NULL,NULL,0,NULL
1,2027612226,131,0,2215,22,7,10,1451031768,NULL,9,3,10,NULL,NULL,0,NULL
1,2026536262,3,1,3386,1,0,23,1450979486,NULL,3,8,10,NULL,NULL,0,NULL
1,2025539137,1,1,1674,1,0,74,1450952048,NULL,11,4,10,NULL,NULL,0,NULL
1,2025208570,131,0,3838,22,7,97,1450939746,NULL,6,11,26,NULL,NULL,0,NULL
1,2023986780,130,0,1912,22,7,60,1450885374,NULL,9,4,17,NULL,NULL,0,NULL
1,2023840407,130,0,2891,22,7,98,1450881688,NULL,8,6,18,NULL,NULL,0,NULL
1,1992147332,0,1,2934,22,7,97,1449740048,NULL,15,2,15,NULL,NULL,0,NULL
1,1990827495,4,1,2288,22,7,21,1449676254,NULL,7,6,5,NULL,NULL,0,NULL
1,1988588585,131,0,3405,22,7,106,1449586907,NULL,11,2,20,NULL,NULL,0,NULL
1,1983409675,130,0,2215,22,7,97,1449392544,NULL,4,5,15,NULL,NULL,0,NULL
1,1981574166,130,0,3780,22,7,29,1449328017,NULL,13,9,29,NULL,NULL,0,NULL
1,1977850014,4,1,2379,1,0,12,1449205008,NULL,15,2,8,NULL,NULL,0,NULL
1,1976771607,3,1,2494,22,7,39,1449153505,NULL,9,5,8,NULL,NULL,0,NULL
1,1974784175,3,1,2757,1,0,4,1449069050,NULL,21,4,7,NULL,NULL,0,NULL
1,1974664650,132,0,2676,1,0,11,1449065741,NULL,23,2,10,NULL,NULL,0,NULL
1,1973987223,4,1,2744,22,7,85,1449043393,NULL,7,5,20,NULL,NULL,0,NULL
1,1970787325,130,0,3417,22,7,73,1448896040,NULL,10,8,18,NULL,NULL,0,NULL
1,1968578842,131,0,2193,22,7,55,1448807298,NULL,3,4,10,NULL,NULL,0,NULL
1,1968432065,4,1,2899,1,0,85,1448803839,NULL,3,8,27,NULL,NULL,0,NULL
1,1967645853,0,1,3695,22,7,42,1448782881,NULL,7,8,20,NULL,NULL,0,NULL
1,1965886963,129,0,2776,22,7,98,1448720107,NULL,7,3,7,NULL,NULL,0,NULL
1,1964675762,131,0,3305,22,7,101,1448686289,NULL,13,7,14,NULL,NULL,0,NULL
1,1963442769,3,1,2637,22,7,28,1448636480,NULL,13,2,6,NULL,NULL,0,NULL
1,1960696055,132,0,2862,22,7,59,1448533918,NULL,13,7,12,NULL,NULL,0,NULL
1,1959002599,3,1,2769,22,7,88,1448458756,NULL,10,4,8,NULL,NULL,0,NULL
1,1958898597,3,1,1930,22,7,93,1448456083,NULL,5,1,13,NULL,NULL,0,NULL
1,1958047532,131,0,2518,22,7,97,1448421549,NULL,5,5,16,NULL,NULL,0,NULL
1,1957133900,4,1,2843,22,7,63,1448377203,NULL,12,3,9,NULL,NULL,0,NULL
1,1955907881,132,0,1892,22,7,46,1448331936,NULL,22,2,6,NULL,NULL,0,NULL
1,1952836034,4,1,2692,22,7,39,1448203259,NULL,9,4,9,NULL,NULL,0,NULL
1,1950353467,128,0,1442,22,7,47,1448121700,NULL,10,4,16,NULL,NULL,0,NULL
1,1950294386,128,0,926,22,7,47,1448120079,NULL,8,0,3,NULL,NULL,0,NULL
1,1950235955,0,1,1002,22,7,98,1448118569,NULL,9,2,6,NULL,NULL,0,NULL
1,1950159240,128,0,1230,22,7,47,1448116768,NULL,17,1,7,NULL,NULL,0,NULL
1,1945586561,0,1,2508,22,7,98,1447943846,NULL,15,3,11,NULL,NULL,0,NULL
1,1943675377,4,1,2548,22,7,98,1447859158,NULL,11,1,5,NULL,NULL,0,NULL
1,1939785706,0,1,4365,1,0,49,1447685160,NULL,9,7,14,NULL,NULL,0,NULL
1,1938792867,1,1,2570,1,0,73,1447645068,NULL,9,3,11,NULL,NULL,0,NULL
1,1935235293,131,0,2608,1,0,97,1447512268,NULL,3,2,17,NULL,NULL,0,NULL
1,1932380747,128,0,3216,22,7,21,1447406188,NULL,10,2,17,NULL,NULL,0,NULL
1,1931256965,131,0,3306,22,7,9,1447342885,NULL,6,11,17,NULL,NULL,0,NULL
1,1929199121,130,0,2733,22,7,28,1447252637,NULL,5,9,12,NULL,NULL,0,NULL
1,1927205174,4,1,1806,22,7,96,1447163539,NULL,10,3,13,NULL,NULL,0,NULL
1,1926365798,132,0,3402,1,0,39,1447129378,NULL,9,10,36,NULL,NULL,0,NULL
1,1923198188,4,1,2522,22,7,7,1446989843,NULL,8,4,24,NULL,NULL,0,NULL
1,1919347377,132,0,2372,1,0,76,1446864499,NULL,11,2,11,NULL,NULL,0,NULL
1,1917378328,3,1,2170,1,0,19,1446792970,NULL,14,4,13,NULL,NULL,0,NULL
1,1915203776,129,0,2207,22,7,21,1446703807,NULL,16,2,8,NULL,NULL,0,NULL
1,1913809757,3,1,2856,1,0,3,1446643853,NULL,9,4,28,NULL,NULL,0,NULL
1,1912941851,0,1,2591,1,0,32,1446615717,NULL,20,4,13,NULL,NULL,0,NULL
1,1912889846,131,0,2065,1,0,68,1446613089,NULL,4,4,13,NULL,NULL,0,NULL
1,1910920362,0,1,2905,4,0,65,1446538890,NULL,7,7,28,NULL,NULL,0,NULL
1,1910765879,3,1,2190,22,7,100,1446532613,NULL,2,2,20,NULL,NULL,0,NULL
1,1899697881,129,0,3294,1,0,100,1446107161,NULL,2,9,16,NULL,NULL,0,NULL
1,1893818869,130,0,1894,1,0,88,1445864196,NULL,3,2,11,NULL,NULL,0,NULL
1,1891770151,132,0,2782,1,0,1,1445781427,NULL,23,2,8,NULL,NULL,0,NULL
1,1891044103,129,0,2128,1,0,100,1445763652,NULL,8,2,11,NULL,NULL,0,NULL
1,1888954823,131,0,2151,22,7,100,1445694115,NULL,27,4,7,NULL,NULL,0,NULL
1,1887952127,2,1,2619,22,7,100,1445666950,NULL,8,8,22,NULL,NULL,0,NULL
1,1885602450,0,1,3412,1,0,98,1445583592,NULL,11,7,23,NULL,NULL,0,NULL
1,1882109331,130,0,3423,1,0,52,1445433762,NULL,5,6,12,NULL,NULL,4,NULL
1,1875859329,128,0,3744,1,0,104,1445176328,NULL,17,5,9,NULL,NULL,0,NULL
1,1866198904,3,1,2453,1,0,21,1444831659,NULL,12,4,7,NULL,NULL,0,NULL
1,1861865690,131,0,2720,1,0,74,1444657575,NULL,9,2,18,NULL,NULL,0,NULL
1,1861006749,130,0,5069,1,0,36,1444626721,NULL,10,8,20,NULL,NULL,0,NULL
1,1859671453,131,0,4067,1,0,40,1444571298,NULL,13,10,30,NULL,NULL,0,NULL
1,1858346916,131,0,2896,1,0,106,1444536609,NULL,13,4,21,NULL,NULL,0,NULL
1,1856698939,128,0,2427,1,0,80,1444482341,NULL,2,6,16,NULL,NULL,0,NULL
1,1855801781,3,1,3269,1,0,33,1444457286,NULL,7,5,23,NULL,NULL,0,NULL
1,1854392096,4,1,2853,1,0,98,1444400689,NULL,9,6,10,NULL,NULL,1,NULL
1,1853084513,0,1,2502,1,0,61,1444356964,NULL,8,3,3,NULL,NULL,0,NULL
1,1850822558,131,0,2581,1,0,44,1444271957,NULL,22,5,12,NULL,NULL,0,NULL
1,1849552578,4,1,2176,1,0,27,1444222701,NULL,2,5,10,NULL,NULL,0,NULL
1,1846371584,132,0,3407,1,0,93,1444112589,NULL,14,5,13,NULL,NULL,0,NULL
1,1585011452,3,1,1831,22,7,25,1435331502,NULL,6,1,4,NULL,NULL,0,NULL
1,1584844723,4,1,2288,1,0,109,1435328028,NULL,10,4,11,NULL,NULL,0,NULL
1,1583409073,3,1,3161,1,0,41,1435285937,NULL,20,4,1,NULL,NULL,0,NULL
1,1583340309,3,1,2915,1,0,8,1435282254,NULL,28,10,14,NULL,NULL,0,NULL
1,1582402805,3,1,3509,1,0,57,1435245277,NULL,5,9,25,NULL,NULL,0,NULL
1,1579954677,1,1,2696,1,0,41,1435162997,NULL,3,6,6,NULL,NULL,0,NULL
1,1579818167,129,0,3083,1,0,7,1435159490,10,13,8,11,NULL,NULL,0,NULL
1,1571499821,2,1,3294,1,0,5,1434898162,NULL,3,7,10,NULL,NULL,0,NULL
1,1564900741,2,1,2813,1,0,49,1434720683,NULL,6,6,8,NULL,NULL,0,NULL
1,1559450493,4,1,2770,1,0,16,1434550218,NULL,2,10,10,NULL,NULL,0,NULL
1,1533774280,128,0,3232,1,0,44,1433662576,NULL,17,15,26,NULL,NULL,0,NULL
1,1533635358,2,1,3390,1,0,37,1433658813,NULL,10,9,19,NULL,NULL,0,NULL
1,1531840208,132,0,2099,1,0,28,1433598078,NULL,25,1,12,NULL,NULL,0,NULL
1,1529076555,131,0,2501,1,0,19,1433513063,NULL,20,6,12,NULL,NULL,0,NULL
1,1521687662,132,0,3322,1,0,2,1433254388,NULL,11,9,10,NULL,NULL,0,NULL
1,1520644149,0,1,4258,22,7,72,1433226886,NULL,14,11,14,NULL,NULL,0,NULL
1,1513865589,1,1,4082,1,0,56,1432996809,NULL,28,8,16,NULL,NULL,0,NULL
1,1513658029,1,1,3621,1,0,51,1432992574,NULL,13,8,11,NULL,NULL,0,NULL
1,1510926067,131,0,2136,1,0,99,1432908300,NULL,8,4,6,NULL,NULL,0,NULL
1,1510040838,131,0,2494,1,0,1,1432888842,NULL,6,1,2,NULL,NULL,0,NULL
1,1509336290,132,0,2230,1,0,52,1432868174,NULL,8,4,5,NULL,NULL,0,NULL
1,1503095262,129,0,2278,1,0,8,1432647334,NULL,11,2,7,NULL,NULL,0,NULL
1,1500791442,2,1,2842,1,0,104,1432562025,NULL,13,7,10,NULL,NULL,0,NULL
1,1498287311,129,0,2851,1,0,79,1432472194,NULL,8,9,19,NULL,NULL,0,NULL
1,1497662190,130,0,2067,1,0,11,1432457160,NULL,10,5,15,NULL,NULL,0,NULL
1,1497510646,1,1,2805,22,7,87,1432453405,NULL,3,5,20,NULL,NULL,0,NULL
1,1490408774,130,0,2256,5,0,60,1432215534,NULL,14,4,6,NULL,NULL,0,NULL
1,1487911869,128,0,2207,22,7,106,1432127662,NULL,15,0,19,NULL,NULL,0,NULL
1,1485508554,132,0,2573,1,0,34,1432039683,NULL,13,1,20,NULL,NULL,0,NULL
1,1482681496,128,0,2659,1,0,34,1431937581,NULL,6,4,14,NULL,NULL,0,NULL
1,1480151183,128,0,2418,22,7,96,1431851394,NULL,11,8,17,NULL,NULL,0,NULL
1,1479565579,3,1,2373,1,0,44,1431835382,NULL,7,7,7,NULL,NULL,0,NULL
1,1479413863,129,0,3709,1,0,50,1431829744,NULL,1,15,19,NULL,NULL,0,NULL
1,1478272521,130,0,2199,22,7,31,1431789659,NULL,6,2,21,NULL,NULL,0,NULL
1,1475120851,4,1,2410,1,0,100,1431698296,NULL,13,5,11,NULL,NULL,0,NULL
1,1474337973,1,1,1777,1,0,97,1431678431,NULL,6,3,15,NULL,NULL,0,NULL
1,1472017947,4,1,3073,22,7,97,1431595795,NULL,15,10,13,NULL,NULL,0,NULL
1,1469650603,1,1,4093,12,0,12,1431509609,NULL,21,7,20,NULL,NULL,0,NULL
1,1468933232,3,1,2967,1,0,93,1431477436,NULL,26,7,10,NULL,NULL,0,NULL
1,1467821415,3,1,1830,1,0,38,1431438679,NULL,5,0,11,NULL,NULL,0,NULL
1,1465510579,130,0,2241,1,0,73,1431351899,NULL,6,5,8,NULL,NULL,0,NULL
1,1464912464,132,0,2489,1,0,46,1431337239,NULL,9,4,9,NULL,NULL,0,NULL
1,1464644469,128,0,2827,1,0,14,1431328953,NULL,16,3,7,NULL,NULL,0,NULL
1,1464313062,129,0,2685,1,0,27,1431315103,NULL,0,2,12,NULL,NULL,0,NULL
1,1462727440,128,0,3032,1,0,11,1431258641,NULL,11,6,19,NULL,NULL,0,NULL
1,1461871914,129,0,1486,1,0,45,1431237334,NULL,9,0,14,NULL,NULL,0,NULL
1,1461822794,1,1,1121,1,0,90,1431235841,NULL,6,3,17,NULL,NULL,0,NULL
1,1460460983,3,1,2224,1,0,11,1431185163,NULL,15,8,14,NULL,NULL,0,NULL
1,1459469322,131,0,2686,1,0,41,1431163492,NULL,20,2,7,NULL,NULL,0,NULL
1,1456625878,129,0,1663,1,0,57,1431079302,NULL,6,0,5,NULL,NULL,0,NULL
1,1453932639,131,0,3600,1,0,74,1430987162,NULL,8,3,19,NULL,NULL,0,NULL
1,1449759711,3,1,1943,1,0,70,1430832512,NULL,1,5,6,NULL,NULL,0,NULL
1,1447166383,2,1,3668,1,0,112,1430744483,NULL,3,7,6,NULL,NULL,0,NULL
1,1444513545,131,0,3687,1,0,70,1430659606,NULL,9,5,5,NULL,NULL,0,NULL
1,1436130130,3,1,3587,1,0,63,1430445955,NULL,14,8,16,NULL,NULL,0,NULL
1,1434873659,2,1,2865,1,0,99,1430407898,NULL,7,9,6,NULL,NULL,0,NULL
1,1433888323,2,1,2537,1,0,50,1430382792,NULL,7,4,25,NULL,NULL,0,NULL
1,1426034542,130,0,2813,1,0,57,1430059449,NULL,0,6,1,NULL,NULL,0,NULL
1,1423263157,2,1,2957,1,0,1,1429970062,NULL,8,3,9,NULL,NULL,0,NULL
1,1420803659,1,1,2522,1,0,102,1429884882,NULL,3,5,12,NULL,NULL,0,NULL
1,1417967640,132,0,2329,1,0,8,1429780010,NULL,12,2,7,NULL,NULL,0,NULL
1,1409876600,132,0,3216,1,0,101,1429451128,NULL,7,5,14,NULL,NULL,0,NULL
1,1404790939,131,0,3529,1,0,54,1429285501,NULL,15,5,9,NULL,NULL,0,NULL
1,1400358987,2,1,2518,1,0,71,1429111068,NULL,7,6,22,NULL,NULL,0,NULL
1,1383746394,130,0,2543,1,0,52,1428503909,NULL,5,6,16,NULL,NULL,0,NULL
1,1381408674,129,0,2864,1,0,4,1428415065,NULL,10,8,16,NULL,NULL,0,NULL
1,1374234596,130,0,2585,1,0,40,1428165218,NULL,9,5,9,NULL,NULL,0,NULL
1,1374108232,2,1,2376,1,0,36,1428162316,NULL,4,9,14,NULL,NULL,0,NULL
1,1370916262,3,1,2127,1,0,51,1428068178,6,6,4,16,NULL,NULL,0,NULL
1,1370291508,0,1,2163,1,0,104,1428052173,NULL,11,4,14,NULL,NULL,0,NULL
1,1369741846,130,0,2517,1,0,84,1428031029,NULL,7,3,23,NULL,NULL,0,NULL
1,1368721140,129,0,3198,1,0,79,1427988355,NULL,12,9,25,NULL,NULL,0,NULL
1,1366034847,128,0,2477,1,0,101,1427893913,NULL,15,4,21,NULL,NULL,0,NULL
1,1359058408,129,0,5665,1,0,18,1427638578,NULL,11,15,8,NULL,NULL,0,NULL
1,1357725920,131,0,2645,1,0,81,1427606705,NULL,13,5,11,NULL,NULL,0,NULL
1,1355214106,3,1,1959,1,0,21,1427532866,NULL,5,3,13,NULL,NULL,0,NULL
1,1336622901,2,1,1953,1,0,93,1426927262,NULL,10,1,7,NULL,NULL,0,NULL
1,1329428676,1,1,2093,1,0,102,1426684136,NULL,2,2,5,NULL,NULL,0,NULL
1,1327045918,1,1,5478,1,0,98,1426595802,NULL,15,6,26,NULL,NULL,0,NULL
1,1326319076,131,0,2470,1,0,95,1426572088,NULL,21,4,8,NULL,NULL,0,NULL
1,1324807051,2,1,3098,1,0,13,1426511317,NULL,4,4,19,NULL,NULL,0,NULL
1,1324000594,129,0,3141,1,0,44,1426485586,NULL,17,7,16,NULL,NULL,0,NULL
1,1321897243,2,1,3096,1,0,106,1426412184,NULL,7,4,9,NULL,NULL,0,NULL
1,1321574229,129,0,2914,1,0,102,1426404460,NULL,2,6,31,NULL,NULL,0,NULL
1,1320988058,3,1,3903,1,0,94,1426385634,NULL,9,5,18,NULL,NULL,0,NULL
1,1318279983,2,1,3517,1,0,21,1426309441,NULL,12,7,13,NULL,NULL,0,NULL
1,1314235512,1,1,3726,1,0,20,1426167220,NULL,3,11,13,NULL,NULL,0,NULL
1,1313620360,3,1,2826,1,0,13,1426149972,NULL,14,8,16,NULL,NULL,0,NULL
1,1313566389,128,0,1531,1,0,109,1426148067,NULL,6,0,1,NULL,NULL,0,NULL
1,1309846892,0,1,2542,1,0,4,1425998883,NULL,10,5,6,NULL,NULL,0,NULL
1,1307245701,128,0,3153,1,0,53,1425905937,NULL,13,8,12,NULL,NULL,0,NULL
1,1303671343,3,1,2372,1,0,35,1425795489,NULL,12,1,9,NULL,NULL,0,NULL
1,1303247608,131,0,2855,1,0,89,1425780509,NULL,4,4,14,NULL,NULL,0,NULL
1,1296394071,3,1,3305,1,0,30,1425563256,NULL,5,9,9,NULL,NULL,0,NULL
1,1285619610,128,0,2231,1,0,11,1425203126,NULL,10,5,16,NULL,NULL,0,NULL
1,1284545983,132,0,2967,1,0,10,1425175088,NULL,19,2,2,NULL,NULL,0,NULL
1,1282647231,130,0,3065,1,0,77,1425127679,NULL,8,6,6,NULL,NULL,0,NULL
1,1281985278,4,1,2596,1,0,60,1425114502,NULL,7,2,18,NULL,NULL,0,NULL
1,1279696167,1,1,2589,1,0,80,1425047872,NULL,5,7,10,NULL,NULL,0,NULL
1,1279189137,1,1,2966,1,0,28,1425038544,NULL,6,3,11,NULL,NULL,0,NULL
1,1259597742,130,0,2927,1,0,88,1424509977,NULL,14,7,11,NULL,NULL,0,NULL
1,1257192991,132,0,2587,1,0,98,1424443437,NULL,7,5,9,NULL,NULL,0,NULL
1,1240716644,131,0,2119,1,0,8,1424001830,NULL,14,1,7,NULL,NULL,0,NULL
1,1153390729,3,1,2351,22,0,95,1420883959,NULL,4,8,13,NULL,NULL,0,NULL
1,1139904159,128,0,2758,1,0,39,1420375839,NULL,12,6,10,NULL,NULL,0,NULL
1,1139358260,130,0,2077,22,7,101,1420360349,NULL,8,2,13,NULL,NULL,0,NULL
1,1137295344,1,1,3135,1,0,94,1420287600,NULL,21,4,11,NULL,NULL,0,NULL
1,1136974679,129,0,2392,1,0,48,1420278889,NULL,20,3,13,NULL,NULL,0,NULL
1,1134166152,130,0,2787,1,0,19,1420184904,NULL,5,5,22,NULL,NULL,0,NULL
1,1128911589,2,1,1770,1,0,39,1419989428,NULL,15,0,8,NULL,NULL,0,NULL
1,1127003069,2,1,3166,1,0,34,1419929214,NULL,14,8,19,NULL,NULL,0,NULL
1,1124560913,131,0,3098,1,0,98,1419843582,NULL,8,7,20,NULL,NULL,0,NULL
1,1124427502,131,0,3337,1,0,36,1419839119,NULL,8,13,27,NULL,NULL,0,NULL
1,1121751443,130,0,2112,1,0,99,1419746938,NULL,10,3,16,NULL,NULL,0,NULL
1,1120025802,1,1,3660,1,0,1,1419686122,NULL,21,6,10,NULL,NULL,0,NULL
1,1117014482,2,1,3057,1,0,34,1419587213,NULL,5,5,15,NULL,NULL,0,NULL
1,1116740702,131,0,1884,1,0,90,1419577260,NULL,10,2,17,NULL,NULL,0,NULL
1,1112600583,3,1,2610,1,0,39,1419412993,NULL,24,1,10,NULL,NULL,0,NULL
1,1112357726,129,0,2843,1,0,23,1419402727,NULL,7,5,15,NULL,NULL,0,NULL
1,1109901989,1,1,2689,1,0,18,1419301431,NULL,14,4,9,NULL,NULL,0,NULL
1,1105333646,0,1,2038,1,0,93,1419129734,NULL,9,3,11,NULL,NULL,0,NULL
1,1100862227,3,1,1465,1,0,109,1418973925,NULL,9,3,5,NULL,NULL,0,NULL
1,1099182810,4,1,2251,1,0,49,1418908642,NULL,7,1,8,NULL,NULL,0,NULL
1,1096636612,132,0,3386,1,0,58,1418810608,NULL,4,12,6,NULL,NULL,0,NULL
1,1096176870,130,0,3202,1,0,21,1418789203,NULL,2,10,14,NULL,NULL,0,NULL
1,1096018282,2,1,2087,1,0,19,1418778972,NULL,14,4,19,NULL,NULL,0,NULL
1,1094532151,131,0,3166,1,0,99,1418721274,NULL,5,8,17,NULL,NULL,0,NULL
1,1092845355,131,0,3868,1,0,106,1418646143,NULL,14,7,23,NULL,NULL,0,NULL
1,1087678539,3,1,2154,1,0,28,1418456023,NULL,4,5,17,NULL,NULL,0,NULL
1,1087332042,2,1,1124,1,0,6,1418441636,NULL,0,3,4,NULL,NULL,0,NULL
1,1085080634,131,0,3349,1,0,78,1418350788,NULL,13,1,25,NULL,NULL,0,NULL
1,1066411573,2,1,2510,1,0,18,1417598026,NULL,10,4,15,NULL,NULL,0,NULL
1,1066169019,4,1,3109,1,0,15,1417586696,NULL,18,5,24,NULL,NULL,0,NULL
1,1066008378,3,1,1957,1,0,52,1417577417,NULL,7,1,8,NULL,NULL,0,NULL
1,1065964710,4,1,2604,1,0,82,1417574475,NULL,11,6,7,NULL,NULL,0,NULL
1,1064991445,4,1,1561,1,0,34,1417530014,NULL,11,0,4,NULL,NULL,0,NULL
1,1064439471,130,0,2816,1,0,17,1417512880,NULL,28,7,18,NULL,NULL,0,NULL
1,1063977178,131,0,1517,1,0,97,1417488361,NULL,11,1,15,NULL,NULL,0,NULL
1,1062901427,132,0,2461,1,0,8,1417440882,NULL,12,2,12,NULL,NULL,0,NULL
1,1062275673,130,0,2336,1,0,110,1417417951,NULL,6,5,21,NULL,NULL,0,NULL
1,1062171585,130,0,2021,1,0,15,1417412275,NULL,13,4,15,NULL,NULL,0,NULL
1,1060160427,2,1,3343,1,0,17,1417337233,NULL,14,1,12,NULL,NULL,0,NULL
1,1059733632,4,1,2749,1,0,6,1417323135,NULL,6,3,7,NULL,NULL,0,NULL
1,1055613728,131,0,4051,1,0,100,1417182389,NULL,3,12,22,NULL,NULL,0,NULL
1,1055087220,3,1,1624,1,0,77,1417167559,NULL,4,1,2,NULL,NULL,0,NULL
1,1054760968,1,1,2577,1,0,84,1417153241,NULL,10,7,24,NULL,NULL,0,NULL
1,1052949253,2,1,2200,1,0,107,1417080602,NULL,5,3,17,NULL,NULL,0,NULL
1,1052480982,2,1,2215,1,0,81,1417057800,NULL,11,4,13,NULL,NULL,0,NULL
1,1052437900,4,1,2410,1,0,17,1417055065,NULL,28,2,22,NULL,NULL,0,NULL
1,1050865342,129,0,1762,1,0,40,1416995928,NULL,7,2,10,NULL,NULL,0,NULL
1,1050782597,2,1,3004,1,0,30,1416992577,NULL,14,4,8,NULL,NULL,0,NULL
1,1050601520,131,0,2575,1,0,91,1416984367,NULL,8,3,20,NULL,NULL,0,NULL
1,1050546171,131,0,2481,1,0,22,1416981543,NULL,16,3,26,NULL,NULL,0,NULL
1,1047125344,1,1,2340,1,0,96,1416835271,NULL,8,5,22,NULL,NULL,0,NULL
1,1046560295,130,0,3169,1,0,89,1416816265,NULL,7,6,10,NULL,NULL,0,NULL
1,1046217927,132,0,3206,22,7,101,1416797653,NULL,11,13,21,NULL,NULL,0,NULL
1,1040975759,1,1,2222,22,7,1,1416627025,NULL,6,2,8,NULL,NULL,0,NULL
1,1033365373,3,1,2701,1,0,52,1416314819,NULL,15,5,8,NULL,NULL,0,NULL
1,1033290864,130,0,1974,1,0,96,1416312549,NULL,8,3,19,NULL,NULL,0,NULL
1,1032826013,4,1,3824,1,0,39,1416292049,NULL,14,6,18,NULL,NULL,0,NULL
1,1032627086,131,0,3182,1,0,100,1416279251,NULL,20,9,15,NULL,NULL,0,NULL
1,1031466135,132,0,1642,22,7,73,1416227366,NULL,2,3,13,NULL,NULL,0,NULL
1,1031046255,132,0,2381,1,0,69,1416210154,NULL,16,5,23,NULL,NULL,0,NULL
1,1030946579,4,1,2228,1,0,89,1416204412,NULL,5,0,8,NULL,NULL,0,NULL
1,1028656523,1,1,2752,1,0,89,1416116122,NULL,4,3,9,NULL,NULL,0,NULL
1,1028343704,129,0,3100,22,7,101,1416101441,NULL,4,12,19,NULL,NULL,0,NULL
1,1026110900,131,0,2074,22,7,44,1416030842,NULL,10,3,11,NULL,NULL,0,NULL
1,1025870631,2,1,2467,1,0,25,1416019852,NULL,18,7,12,NULL,NULL,0,NULL
1,1022505095,129,0,2890,22,7,101,1415879518,NULL,12,6,18,NULL,NULL,0,NULL
1,1022253658,130,0,2636,1,0,104,1415869358,NULL,14,3,8,NULL,NULL,0,NULL
1,1020618120,128,0,2683,22,7,63,1415792332,NULL,17,6,24,NULL,NULL,0,NULL
1,1014977131,4,1,2392,1,0,71,1415537802,NULL,7,10,18,NULL,NULL,0,NULL
1,1005774926,132,0,1719,1,0,72,1415192699,NULL,25,1,6,NULL,NULL,0,NULL
1,1005460115,3,1,3357,1,0,17,1415182936,NULL,4,6,16,NULL,NULL,0,NULL
1,1005355236,1,1,3602,22,7,98,1415178926,NULL,6,6,29,NULL,NULL,0,NULL
1,1005216524,2,1,2396,1,0,6,1415173109,NULL,5,1,10,NULL,NULL,0,NULL
1,1003663437,131,0,4001,22,7,62,1415103421,NULL,17,7,18,NULL,NULL,0,NULL
1,1002940310,0,1,2839,22,7,57,1415073702,NULL,3,11,10,NULL,NULL,0,NULL
1,1002774077,1,1,3121,1,0,56,1415061190,NULL,26,4,6,NULL,NULL,0,NULL
1,1001493076,4,1,3177,22,7,9,1415014695,NULL,5,3,19,NULL,NULL,0,NULL
1,1000661242,132,0,3075,1,0,53,1414973694,NULL,23,9,17,NULL,NULL,0,NULL
1,999644154,131,0,1931,22,7,73,1414935156,NULL,6,2,20,NULL,NULL,0,NULL
1,998690826,3,1,2133,22,7,102,1414907290,NULL,5,6,23,NULL,NULL,0,NULL
1,998359407,128,0,2394,22,7,36,1414890737,NULL,7,5,20,NULL,NULL,0,NULL
1,997018777,2,1,1811,22,7,7,1414846182,NULL,10,3,18,NULL,NULL,0,NULL
1,991947742,2,1,2700,1,0,63,1414646763,NULL,6,3,12,NULL,NULL,0,NULL
1,990606449,129,0,3545,1,0,76,1414586047,NULL,20,4,13,NULL,NULL,0,NULL
1,990084299,132,0,3342,1,0,14,1414565919,NULL,3,13,9,NULL,NULL,0,NULL
1,989751501,3,1,2534,1,0,1,1414544167,NULL,16,4,10,NULL,NULL,0,NULL
1,988687332,1,1,3482,1,0,82,1414500366,NULL,7,6,25,NULL,NULL,0,NULL
1,988578553,2,1,2350,1,0,106,1414497114,NULL,20,3,11,NULL,NULL,0,NULL
1,986823316,0,1,1600,1,0,44,1414415267,NULL,9,0,3,NULL,NULL,0,NULL
1,986129757,132,0,2877,22,7,51,1414385532,NULL,11,10,8,NULL,NULL,0,NULL
1,985918465,4,1,3263,1,0,95,1414369779,NULL,16,11,17,NULL,NULL,0,NULL
1,984798026,130,0,3240,1,0,74,1414326357,NULL,7,8,20,NULL,NULL,0,NULL
1,984404859,130,0,2993,22,7,83,1414315116,NULL,1,4,11,NULL,NULL,0,NULL
1,984114040,130,0,2240,1,0,98,1414306711,NULL,13,2,6,NULL,NULL,0,NULL
1,982334501,1,1,2614,1,0,29,1414240105,NULL,4,7,16,NULL,NULL,0,NULL
1,981916488,4,1,2973,1,0,106,1414225845,NULL,15,7,18,NULL,NULL,0,NULL
1,981680282,1,1,2656,22,7,94,1414217814,NULL,10,2,8,NULL,NULL,0,NULL
1,980274165,4,1,3033,22,7,73,1414158271,NULL,8,6,16,NULL,NULL,0,NULL
1,975881212,128,0,2726,22,7,60,1413967457,NULL,15,2,13,NULL,NULL,0,NULL
1,973889186,130,0,3261,1,0,42,1413874887,NULL,11,3,9,NULL,NULL,0,NULL
1,972642831,129,0,2843,22,7,99,1413811454,NULL,11,10,22,NULL,NULL,0,NULL
1,972152230,2,1,2599,1,0,9,1413793934,NULL,14,2,19,NULL,NULL,0,NULL
1,972084937,4,1,2661,1,0,9,1413790508,NULL,17,8,16,NULL,NULL,0,NULL
1,969541586,2,1,2764,22,7,27,1413688097,NULL,4,8,10,NULL,NULL,0,NULL
1,967237312,132,0,2890,22,7,49,1413609891,NULL,4,4,16,NULL,NULL,0,NULL
1,965743548,132,0,2804,22,7,106,1413549756,NULL,11,6,16,NULL,NULL,0,NULL
1,965374886,132,0,2481,1,0,39,1413537930,NULL,18,4,15,NULL,NULL,0,NULL
1,963523752,4,1,2363,1,0,25,1413453857,NULL,9,8,11,NULL,NULL,0,NULL
1,958340524,128,0,3150,22,7,26,1413205570,NULL,5,9,11,NULL,NULL,0,NULL
1,955940670,2,1,2151,1,0,13,1413106023,NULL,12,5,12,NULL,NULL,0,NULL
1,952805736,0,1,1916,22,7,20,1412995224,NULL,0,4,17,NULL,NULL,0,NULL
1,949359558,2,1,2459,1,0,49,1412847319,NULL,20,4,12,NULL,NULL,0,NULL
1,949134810,130,0,1582,1,0,65,1412836002,NULL,4,3,14,NULL,NULL,0,NULL
1,949099886,129,0,1888,1,0,72,1412833841,NULL,8,5,11,NULL,NULL,0,NULL
1,947281860,130,0,2396,22,7,67,1412749741,NULL,12,3,23,NULL,NULL,0,NULL
1,945659313,1,1,956,1,0,22,1412674795,NULL,2,2,1,NULL,NULL,0,NULL
1,945086608,130,0,2841,1,0,9,1412645012,NULL,20,3,21,NULL,NULL,0,NULL
1,943524298,1,1,2905,1,0,109,1412580212,NULL,4,5,10,NULL,NULL,0,NULL
1,943353236,1,1,2116,1,0,26,1412572821,NULL,11,2,4,NULL,NULL,0,NULL
1,941414081,132,0,3458,1,0,46,1412498736,NULL,14,5,25,NULL,NULL,0,NULL
1,938470824,132,0,2408,22,7,65,1412398275,NULL,5,4,16,NULL,NULL,0,NULL
1,936344339,4,1,3110,1,0,6,1412315736,NULL,11,12,18,NULL,NULL,0,NULL
1,936107352,132,0,3187,1,0,74,1412301343,NULL,11,5,10,NULL,NULL,0,NULL
1,932522486,2,1,2466,1,0,68,1412146401,NULL,4,0,14,NULL,NULL,0,NULL
1,932450731,2,1,2657,1,0,77,1412143027,NULL,7,8,7,NULL,NULL,0,NULL
1,932309858,132,0,2576,1,0,98,1412135032,NULL,12,6,21,NULL,NULL,0,NULL
1,930430586,4,1,2843,1,0,91,1412054654,NULL,7,6,24,NULL,NULL,0,NULL
1,930415051,3,1,521,1,0,91,1412053790,NULL,3,1,1,NULL,NULL,0,NULL
1,930330436,132,0,2342,1,0,93,1412048735,NULL,30,4,8,NULL,NULL,0,NULL
1,928472960,132,0,3607,1,0,9,1411970046,NULL,8,9,21,NULL,NULL,0,NULL
1,926551939,132,0,2455,1,0,12,1411896469,NULL,12,5,11,NULL,NULL,0,NULL
1,926315290,0,1,3327,22,7,106,1411889603,NULL,15,8,12,NULL,NULL,0,NULL
1,925837163,2,1,2189,22,7,41,1411870136,NULL,13,2,8,NULL,NULL,0,NULL
1,924074709,4,1,1711,1,0,11,1411813438,NULL,14,3,11,NULL,NULL,0,NULL
1,923506855,128,0,3602,22,7,75,1411797005,NULL,7,14,22,NULL,NULL,0,NULL
1,923204447,132,0,1769,1,0,19,1411784402,NULL,7,2,10,NULL,NULL,0,NULL
1,921148036,130,0,2915,22,7,25,1411723513,NULL,11,12,11,NULL,NULL,0,NULL
1,920766846,1,1,2970,1,0,47,1411710472,NULL,9,12,13,NULL,NULL,0,NULL
1,920684790,129,0,2741,1,0,10,1411707467,NULL,2,6,13,NULL,NULL,0,NULL
1,920520423,1,1,2008,1,0,21,1411700524,NULL,13,2,19,NULL,NULL,0,NULL
1,918882397,1,1,2828,1,7,21,1411638627,NULL,4,8,17,NULL,NULL,0,NULL
1,918600440,131,0,3359,1,0,62,1411625773,NULL,26,7,16,NULL,NULL,0,NULL
1,918554312,129,0,2210,1,0,65,1411623225,NULL,5,7,26,NULL,NULL,0,NULL
1,916861906,128,0,3015,1,7,15,1411551095,NULL,8,10,11,NULL,NULL,0,NULL
1,916549885,130,0,2584,1,7,18,1411535867,NULL,10,5,11,NULL,NULL,0,NULL
1,915278714,3,1,2402,1,7,88,1411476802,NULL,3,5,13,NULL,NULL,0,NULL
1,914960998,4,1,2603,1,0,30,1411466804,NULL,3,7,22,NULL,NULL,0,NULL
1,914898480,131,0,2070,1,7,31,1411464265,NULL,8,3,14,NULL,NULL,0,NULL
1,914634345,4,1,1963,1,7,34,1411451215,NULL,18,2,12,NULL,NULL,0,NULL
1,913338627,128,0,2365,1,7,101,1411390149,NULL,10,7,14,NULL,NULL,0,NULL
1,911374391,129,0,2311,1,7,27,1411304132,NULL,6,8,10,NULL,NULL,0,NULL
1,910945059,0,1,3212,1,7,48,1411292736,NULL,16,7,16,NULL,NULL,0,NULL
1,910454463,131,0,2446,1,7,67,1411279001,NULL,9,4,16,NULL,NULL,0,NULL
1,910135705,0,1,2410,1,7,10,1411265690,NULL,6,8,18,NULL,NULL,0,NULL
1,908896370,2,1,1789,1,7,15,1411220928,NULL,16,3,11,NULL,NULL,0,NULL
1,908328994,130,0,3103,1,7,10,1411206837,NULL,17,6,15,NULL,NULL,0,NULL
1,907924917,130,0,2170,1,7,95,1411194847,NULL,12,2,5,NULL,NULL,0,NULL
1,907542411,4,1,2846,1,7,80,1411178168,NULL,10,7,19,NULL,NULL,0,NULL
1,906520834,0,1,2979,1,7,19,1411137042,NULL,12,4,15,NULL,NULL,0,NULL
1,905715215,129,0,4864,1,7,39,1411112869,NULL,16,13,21,NULL,NULL,0,NULL
1,905637661,3,1,1883,1,7,101,1411109750,NULL,8,2,11,NULL,NULL,0,NULL
1,898487593,2,1,1415,1,0,82,1410784718,NULL,5,2,7,NULL,NULL,0,NULL
1,898194099,3,1,1911,1,0,53,1410775539,NULL,10,7,13,NULL,NULL,0,NULL
1,898018767,3,1,1694,1,0,78,1410768452,NULL,6,3,14,NULL,NULL,0,NULL
1,897980598,2,1,1415,1,0,35,1410766781,NULL,7,3,4,NULL,NULL,0,NULL
1,896446055,132,0,2232,1,7,41,1410699492,NULL,13,1,11,NULL,NULL,0,NULL
1,895970061,1,1,2557,1,0,34,1410687443,NULL,21,4,10,NULL,NULL,0,NULL
1,895510412,128,0,2164,1,7,47,1410674874,NULL,6,4,18,NULL,NULL,0,NULL
1,895306497,1,1,1825,1,0,82,1410667461,NULL,14,1,5,NULL,NULL,0,NULL
1,895153325,4,1,1810,1,7,54,1410660306,NULL,9,3,9,NULL,NULL,0,NULL
1,893420039,131,0,3216,1,7,40,1410603685,NULL,4,10,32,NULL,NULL,0,NULL
1,893267809,1,1,3558,1,0,39,1410599467,NULL,8,8,16,NULL,NULL,0,NULL
1,892841087,4,1,2602,1,0,88,1410586344,NULL,4,6,11,NULL,NULL,0,NULL
1,892652502,132,0,1817,1,7,44,1410578410,NULL,31,3,8,NULL,NULL,0,NULL
1,889275398,1,1,2106,2,0,10,1410441304,NULL,16,2,16,NULL,NULL,0,NULL
1,889149542,129,0,2596,1,7,23,1410438038,NULL,20,1,21,NULL,NULL,0,NULL
1,888897187,2,1,2572,1,0,46,1410430014,NULL,15,7,17,NULL,NULL,0,NULL
1,888816040,129,0,2746,1,0,39,1410426805,NULL,7,10,20,NULL,NULL,0,NULL
1,888716525,1,1,3352,2,0,63,1410422549,NULL,31,7,13,NULL,NULL,0,NULL
1,888318429,1,1,3086,1,7,95,1410398535,NULL,8,8,19,NULL,NULL,0,NULL
1,887311874,3,1,2223,1,0,26,1410354765,NULL,3,4,9,NULL,NULL,0,NULL
1,886819158,4,1,1526,1,7,18,1410338180,NULL,9,0,10,NULL,NULL,0,NULL
1,886741560,131,0,2739,1,0,55,1410334668,NULL,6,9,14,NULL,NULL,0,NULL
1,886459491,1,1,1536,1,0,22,1410318332,NULL,9,2,10,NULL,NULL,0,NULL
1,886402417,3,1,3711,1,0,102,1410314279,NULL,27,13,16,NULL,NULL,0,NULL
1,882942756,2,1,2678,1,7,51,1410167579,NULL,22,6,15,NULL,NULL,0,NULL
1,882456499,1,1,1759,1,7,55,1410145394,NULL,4,3,11,NULL,NULL,0,NULL
1,882397803,129,0,2869,1,7,67,1410141910,NULL,12,4,22,NULL,NULL,0,NULL
1,882316211,132,0,2695,1,7,57,1410136245,NULL,1,5,11,NULL,NULL,0,NULL
1,881097892,131,0,2696,1,7,89,1410092891,NULL,2,4,9,NULL,NULL,0,NULL
1,880610476,131,0,3023,1,7,88,1410079920,NULL,18,7,13,NULL,NULL,0,NULL
1,880321475,1,1,1735,1,7,95,1410071908,NULL,10,3,8,NULL,NULL,0,NULL
1,880252526,1,1,1729,1,7,42,1410069754,NULL,11,0,3,NULL,NULL,0,NULL
1,878724634,128,0,2751,1,7,41,1410012607,NULL,17,5,15,NULL,NULL,0,NULL
1,878099687,128,0,3041,1,7,19,1409997015,NULL,5,7,22,NULL,NULL,2,NULL
1,876309407,128,0,2971,1,7,29,1409929342,NULL,15,5,17,NULL,NULL,0,NULL
1,876161075,2,1,2633,1,7,79,1409926181,NULL,5,4,15,NULL,NULL,0,NULL
1,875741845,131,0,3054,1,7,106,1409916988,NULL,14,7,20,NULL,NULL,0,NULL
1,875266213,130,0,2185,1,0,105,1409901547,NULL,5,7,9,NULL,NULL,0,NULL
1,874979286,1,1,2851,1,0,84,1409887363,NULL,17,3,13,NULL,NULL,0,NULL
1,873909008,2,1,2340,1,7,106,1409837550,NULL,10,3,22,NULL,NULL,0,NULL
1,873562990,131,0,2836,1,7,70,1409824795,NULL,30,7,11,NULL,NULL,0,NULL
1,873311310,130,0,3017,1,7,98,1409810557,NULL,14,3,12,NULL,NULL,0,NULL
1,872263648,2,1,2829,1,7,94,1409749553,NULL,13,3,22,NULL,NULL,0,NULL
1,872173421,132,0,2392,1,7,60,1409746573,NULL,9,5,20,NULL,NULL,0,NULL
1,871819495,130,0,3151,1,7,7,1409730188,NULL,13,6,17,NULL,NULL,0,NULL
1,871736523,3,1,3759,1,7,64,1409724770,NULL,6,11,31,NULL,NULL,0,NULL
1,871610521,128,0,1948,1,0,106,1409715184,NULL,12,2,14,NULL,NULL,0,NULL
1,870286724,131,0,2422,1,7,1,1409646747,NULL,14,1,12,NULL,NULL,0,NULL
1,870195362,4,1,1670,1,7,73,1409641172,NULL,6,3,11,NULL,NULL,0,NULL
1,870021053,2,1,1652,1,7,47,1409628022,NULL,18,1,9,NULL,NULL,0,NULL
1,868702473,2,1,2318,1,7,54,1409562883,NULL,7,9,15,NULL,NULL,0,NULL
1,866965026,3,1,2668,1,7,88,1409478807,NULL,10,4,14,NULL,NULL,0,NULL
1,866627355,3,1,2165,4,0,43,1409467233,NULL,17,2,13,NULL,NULL,0,NULL
1,866552376,131,0,2395,1,0,62,1409464103,NULL,18,0,12,NULL,NULL,0,NULL
1,866400254,3,1,3589,1,7,41,1409457091,NULL,13,6,25,NULL,NULL,0,NULL
1,865344582,2,1,2872,1,7,12,1409408378,NULL,10,4,21,NULL,NULL,0,NULL
1,864794909,3,1,1628,1,7,73,1409391014,NULL,9,2,8,NULL,NULL,0,NULL
1,864588206,132,0,3033,1,7,98,1409383616,NULL,11,8,20,NULL,NULL,0,NULL
1,861208651,4,1,2826,1,0,74,1409230566,NULL,14,6,20,NULL,NULL,0,NULL
1,860856695,2,1,1877,1,7,36,1409218865,NULL,8,5,31,NULL,NULL,0,NULL
1,859285743,128,0,2421,1,0,74,1409142288,NULL,19,5,18,NULL,NULL,0,NULL
1,857423499,129,0,2848,1,0,31,1409055759,NULL,6,6,15,NULL,NULL,0,NULL
1,853646245,128,0,3318,1,7,88,1408881717,NULL,9,11,19,NULL,NULL,0,NULL
1,853434410,1,1,2154,1,0,104,1408874473,NULL,20,1,8,NULL,NULL,0,NULL
1,852845905,132,0,2054,1,0,89,1408848664,NULL,9,4,18,NULL,NULL,0,NULL
1,851939305,130,0,2954,1,0,8,1408805422,NULL,12,6,14,NULL,NULL,0,NULL
1,851841728,3,1,2601,1,0,76,1408802209,NULL,12,3,14,NULL,NULL,0,NULL
1,851404716,4,1,2826,4,0,7,1408787194,NULL,20,5,9,NULL,NULL,0,NULL
1,847967767,4,1,1710,1,0,99,1408626806,NULL,15,2,16,NULL,NULL,0,NULL
1,847570331,129,0,2719,1,7,49,1408612031,NULL,13,2,21,NULL,NULL,0,NULL
1,845692588,4,1,2501,1,0,93,1408524911,NULL,30,6,15,NULL,NULL,0,NULL
1,845564907,131,0,2898,1,0,34,1408516749,NULL,6,6,14,NULL,NULL,0,NULL
1,843802699,129,0,3044,1,0,88,1408433575,NULL,30,1,9,NULL,NULL,0,NULL
1,842511949,3,1,2443,1,0,97,1408366929,NULL,12,5,17,NULL,NULL,0,NULL
1,840294250,1,1,2600,1,0,1,1408269000,NULL,15,7,14,NULL,NULL,0,NULL
1,839938922,3,1,1716,1,7,70,1408255630,NULL,15,3,7,NULL,NULL,0,NULL
1,839849907,4,1,1858,1,0,66,1408251183,NULL,0,2,8,NULL,NULL,0,NULL
1,838193767,2,1,1712,1,0,94,1408179312,NULL,6,1,14,NULL,NULL,0,NULL
1,834914288,130,0,2583,2,0,77,1408021697,NULL,12,9,11,NULL,NULL,0,NULL
1,834581231,2,1,2595,4,0,25,1408009346,NULL,15,8,19,NULL,NULL,0,NULL
1,831234897,4,1,2865,1,7,54,1407846770,NULL,8,7,18,NULL,NULL,0,NULL
1,829025012,4,1,1771,1,7,36,1407747111,NULL,13,3,15,NULL,NULL,0,NULL
1,828802580,1,1,2930,2,0,56,1407737685,NULL,12,10,19,NULL,NULL,0,NULL
1,828775609,3,1,1174,1,0,79,1407735675,NULL,6,0,7,NULL,NULL,0,NULL
1,828738303,4,1,1685,1,0,36,1407733665,NULL,13,1,14,NULL,NULL,0,NULL
1,826846166,131,0,2669,1,0,23,1407647306,NULL,13,5,7,NULL,NULL,0,NULL
1,825560029,132,0,2862,1,0,36,1407587567,NULL,23,5,20,NULL,NULL,0,NULL
1,825047225,2,1,1765,1,7,98,1407568021,NULL,10,0,14,NULL,NULL,0,NULL
1,824972332,132,0,2538,1,0,69,1407564904,NULL,9,1,21,NULL,NULL,0,NULL
1,824893358,3,1,2424,1,0,22,1407561113,NULL,16,4,31,NULL,NULL,0,NULL
1,824692641,131,0,3078,1,0,29,1407548830,NULL,8,4,23,NULL,NULL,0,NULL
1,823852149,3,1,2350,1,0,60,1407507945,NULL,9,7,4,NULL,NULL,0,NULL
1,823356475,2,1,1721,1,0,102,1407490791,NULL,12,0,12,NULL,NULL,0,NULL
1,822945462,2,1,1988,1,0,75,1407471432,NULL,22,0,6,NULL,NULL,0,NULL
1,821538400,1,1,2418,1,0,98,1407405208,NULL,10,5,22,NULL,NULL,0,NULL
1,821483440,2,1,1754,1,0,74,1407403204,NULL,20,2,12,NULL,NULL,0,NULL
1,817891924,129,0,2385,1,0,22,1407230828,NULL,5,8,34,NULL,NULL,0,NULL
1,816123105,129,0,1998,1,0,75,1407147984,NULL,13,1,12,NULL,NULL,0,NULL
1,816063382,2,1,1741,1,0,40,1407145289,NULL,6,1,19,NULL,NULL,0,NULL
1,813742396,4,1,2503,1,7,102,1407041445,NULL,5,3,12,NULL,NULL,0,NULL
1,812564311,129,0,1998,2,7,81,1406986632,NULL,7,1,9,NULL,NULL,0,NULL
1,811995464,132,0,2648,1,0,31,1406965233,NULL,14,6,19,NULL,NULL,0,NULL
1,811790249,1,1,2753,1,0,6,1406956175,NULL,17,4,11,NULL,NULL,0,NULL
1,811605512,131,0,2295,1,7,101,1406945771,NULL,9,7,8,NULL,NULL,0,NULL
1,808355324,3,1,1625,1,0,109,1406801027,NULL,13,2,7,NULL,NULL,0,NULL
1,808258025,0,1,2597,2,7,18,1406798615,NULL,19,4,11,NULL,NULL,0,NULL
1,806641201,131,0,2037,1,0,11,1406722483,NULL,16,1,13,NULL,NULL,0,NULL
1,802880017,0,1,1891,1,0,15,1406552216,NULL,7,0,16,NULL,NULL,0,NULL
1,802018359,1,1,1630,1,0,57,1406515585,NULL,3,1,5,NULL,NULL,0,NULL
1,800622232,3,1,2240,1,0,92,1406456648,NULL,14,1,21,NULL,NULL,0,NULL
1,800560036,2,1,1736,1,0,81,1406454513,NULL,7,2,9,NULL,NULL,0,NULL
1,800233081,1,1,2378,1,7,56,1406442386,NULL,18,4,16,NULL,NULL,0,NULL
1,798360738,131,0,2706,1,7,89,1406363772,NULL,5,4,8,NULL,NULL,0,NULL
1,797848536,128,0,2312,1,7,80,1406339178,NULL,8,7,16,NULL,NULL,0,NULL
1,796811914,130,0,3181,1,0,89,1406294430,NULL,11,6,22,NULL,NULL,0,NULL
1,796748643,130,0,1197,1,0,18,1406292573,NULL,5,1,8,NULL,NULL,0,NULL
1,796381140,128,0,2191,1,0,106,1406279085,NULL,7,3,18,NULL,NULL,0,NULL
1,794812082,0,1,1526,1,0,57,1406205962,NULL,6,3,10,NULL,NULL,0,NULL
1,794495426,0,1,3117,1,0,68,1406195043,NULL,4,5,11,NULL,NULL,0,NULL
1,794417412,129,0,2528,1,0,23,1406191547,NULL,7,6,23,NULL,NULL,0,NULL
1,792839380,132,0,2185,1,0,78,1406118965,NULL,4,1,15,NULL,NULL,0,NULL
1,790549570,2,1,1731,1,0,36,1406021957,NULL,17,3,23,NULL,NULL,0,NULL
1,790237014,3,1,2377,1,0,80,1406008812,NULL,6,3,13,NULL,NULL,0,NULL
1,788812625,132,0,3424,1,0,53,1405944653,NULL,4,11,19,NULL,NULL,0,NULL
1,786806398,2,1,2204,1,0,65,1405858562,NULL,9,2,22,NULL,NULL,0,NULL
1,786087012,2,1,2156,1,7,53,1405833097,NULL,12,4,13,NULL,NULL,0,NULL
1,785920568,129,0,1847,1,0,50,1405823888,NULL,3,2,9,NULL,NULL,0,NULL
1,784948181,2,1,2817,1,7,58,1405778446,NULL,2,5,17,NULL,NULL,0,NULL
1,784828867,3,1,2187,1,0,67,1405775004,NULL,4,0,21,NULL,NULL,0,NULL
1,784407757,132,0,2708,1,0,100,1405760304,NULL,5,10,19,NULL,NULL,0,NULL
1,784340737,1,1,1987,1,0,28,1405757853,NULL,10,0,17,NULL,NULL,0,NULL
1,784229274,4,1,2714,1,0,21,1405753272,NULL,1,7,9,NULL,NULL,0,NULL
1,783914366,128,0,2167,1,0,8,1405736724,NULL,11,3,18,NULL,NULL,0,NULL
1,783867282,132,0,1733,1,7,36,1405733629,NULL,9,4,15,NULL,NULL,0,NULL
1,780644571,128,0,2602,1,0,58,1405590069,NULL,3,2,16,NULL,NULL,0,NULL
1,780512187,2,1,1910,1,0,10,1405584724,NULL,16,2,13,NULL,NULL,0,NULL
1,778861031,128,0,2084,1,7,72,1405503738,NULL,10,4,9,NULL,NULL,0,NULL
1,778745299,0,1,2557,1,0,101,1405498772,NULL,14,2,19,NULL,NULL,0,NULL
1,773892674,0,1,3934,1,0,86,1405255887,NULL,4,14,24,NULL,NULL,0,NULL
1,773804879,129,0,2375,1,0,54,1405253656,NULL,7,7,26,NULL,NULL,0,NULL
1,773599549,4,1,2153,1,0,61,1405245720,NULL,5,4,12,NULL,NULL,0,NULL
1,773304194,2,1,2104,1,0,100,1405234625,NULL,8,3,21,NULL,NULL,0,NULL
1,773255376,3,1,1780,1,0,11,1405232030,NULL,19,2,11,NULL,NULL,0,NULL
1,773119414,3,1,3309,1,0,101,1405224748,NULL,2,10,15,NULL,NULL,4,NULL
1,773062638,129,0,2978,1,0,27,1405221132,NULL,3,11,27,NULL,NULL,0,NULL
1,771607771,3,1,2142,1,0,41,1405155579,NULL,23,2,9,NULL,NULL,0,NULL
1,771543555,1,1,1827,1,0,39,1405152951,NULL,6,4,14,NULL,NULL,0,NULL
1,768364968,4,1,2577,1,0,41,1404993936,NULL,11,3,9,NULL,NULL,0,NULL
1,768177577,130,0,1222,1,0,20,1404986529,NULL,3,1,7,NULL,NULL,0,NULL
1,766809955,3,1,3189,1,0,54,1404909576,NULL,17,7,16,NULL,NULL,0,NULL
1,765036226,130,0,2068,1,0,11,1404819585,NULL,11,5,14,NULL,NULL,0,NULL
1,763026057,130,0,3146,1,0,34,1404724180,NULL,7,10,21,NULL,NULL,0,NULL
1,762818702,3,1,2513,1,0,90,1404714612,NULL,2,3,13,NULL,NULL,0,NULL
1,762779480,2,1,1837,1,0,38,1404712500,NULL,7,1,15,NULL,NULL,0,NULL
1,762704051,132,0,901,1,0,42,1404707807,NULL,2,1,1,NULL,NULL,0,NULL
1,762666270,130,0,1960,1,0,83,1404705806,NULL,4,4,8,NULL,NULL,0,NULL
1,762542350,129,0,1803,1,0,73,1404696061,NULL,15,0,13,NULL,NULL,0,NULL
1,761490774,128,0,2789,1,0,74,1404650106,NULL,0,7,12,NULL,NULL,0,NULL
1,760918131,131,0,3195,1,0,30,1404628471,NULL,16,5,19,NULL,NULL,0,NULL
1,760673498,128,0,2469,1,0,97,1404615431,NULL,11,6,17,NULL,NULL,0,NULL
1,759628028,1,1,1952,4,0,65,1404566677,NULL,4,1,14,NULL,NULL,0,NULL
1,747949816,1,1,2119,2,0,41,1404026366,NULL,9,2,14,NULL,NULL,0,NULL
1,747878196,2,1,2617,1,0,41,1404022783,NULL,14,2,18,NULL,NULL,0,NULL
1,747696849,2,1,1959,1,0,91,1404013327,NULL,3,3,18,NULL,NULL,0,NULL
1,746104516,129,0,3942,3,0,7,1403943481,NULL,16,7,17,NULL,NULL,0,NULL
1,745908864,3,1,3174,1,0,106,1403934560,NULL,7,7,26,NULL,NULL,0,NULL
1,744461161,3,1,3419,4,0,106,1403869307,NULL,7,5,14,NULL,NULL,0,NULL
1,744161503,2,1,3071,1,0,79,1403857882,NULL,5,8,12,NULL,NULL,0,NULL
1,744019202,129,0,3304,4,0,99,1403851418,NULL,18,7,12,NULL,NULL,0,NULL
1,742793665,131,0,2833,1,0,86,1403788696,NULL,4,7,19,NULL,NULL,0,NULL
1,742461799,131,0,3343,1,0,15,1403775880,NULL,12,6,27,NULL,NULL,0,NULL
1,742291919,129,0,3440,1,0,37,1403768841,NULL,3,6,16,NULL,NULL,0,NULL
1,741928502,131,0,1896,1,0,45,1403744771,NULL,4,6,12,NULL,NULL,0,NULL
1,740645922,2,1,1511,1,0,53,1403689460,NULL,8,1,15,NULL,NULL,0,NULL
1,738826597,0,1,2379,1,7,17,1403604304,NULL,8,5,25,NULL,NULL,0,NULL
1,738310943,131,0,1220,1,0,36,1403576792,NULL,3,0,7,NULL,NULL,0,NULL
1,736783478,1,1,3374,1,0,31,1403510293,NULL,10,7,21,NULL,NULL,0,NULL
1,736740893,129,0,1287,4,0,40,1403508408,NULL,2,3,3,NULL,NULL,0,NULL
1,736612343,130,0,1910,1,0,17,1403501654,NULL,5,1,10,NULL,NULL,0,NULL
1,734987293,3,1,2306,1,0,22,1403430524,NULL,11,6,27,NULL,NULL,0,NULL
1,734592158,1,1,3337,1,0,98,1403415702,NULL,10,10,24,NULL,NULL,0,NULL
1,734373324,129,0,2315,1,0,1,1403403989,NULL,8,5,15,NULL,NULL,0,NULL
1,732239826,3,1,2870,1,7,42,1403320524,NULL,16,8,20,NULL,NULL,0,NULL
1,732200230,132,0,1784,1,0,10,1403318233,NULL,7,0,6,NULL,NULL,0,NULL
1,728605839,130,0,1446,1,0,40,1403180125,NULL,2,1,18,NULL,NULL,0,NULL
1,728090704,4,1,2153,1,0,84,1403165215,NULL,3,7,16,NULL,NULL,0,NULL
1,726728791,129,0,2583,1,0,44,1403094362,NULL,13,7,17,NULL,NULL,0,NULL
1,726158198,129,0,2169,1,0,74,1403070627,NULL,4,5,17,NULL,NULL,0,NULL
1,724847601,131,0,2048,1,0,74,1403006237,NULL,10,5,8,NULL,NULL,0,NULL
1,724185524,128,0,2017,1,0,101,1402973695,NULL,6,1,18,NULL,NULL,0,NULL
1,722691785,130,0,1424,1,0,78,1402904802,NULL,6,0,11,NULL,NULL,0,NULL
1,722539183,3,1,2371,1,0,25,1402896758,NULL,8,7,12,NULL,NULL,0,NULL
1,722363364,129,0,1392,1,0,74,1402883747,NULL,3,1,8,NULL,NULL,0,NULL
1,720570397,2,1,2297,1,0,49,1402809472,NULL,7,6,9,NULL,NULL,0,NULL
1,720427778,132,0,2097,1,0,39,1402801267,NULL,10,7,11,NULL,NULL,0,NULL
1,718612673,128,0,2133,1,0,20,1402728223,NULL,6,5,21,NULL,NULL,0,NULL
1,716823844,2,1,3073,1,0,76,1402650581,NULL,15,9,21,NULL,NULL,1,NULL
1,716526162,129,0,2375,1,0,74,1402637313,NULL,13,2,20,NULL,NULL,0,NULL
1,714488772,129,0,2836,1,0,53,1402539896,NULL,12,8,17,NULL,NULL,0,NULL
1,714455206,130,0,2363,1,0,15,1402537159,NULL,13,3,11,NULL,NULL,0,NULL
1,712963549,1,1,1533,1,0,95,1402475989,NULL,2,1,7,NULL,NULL,0,NULL
1,712743502,0,1,1991,1,0,42,1402466354,NULL,5,4,20,NULL,NULL,0,NULL
1,711467524,131,0,1867,1,7,90,1402403718,NULL,0,1,11,NULL,NULL,0,NULL
1,710766171,129,0,2467,1,0,94,1402374673,NULL,14,0,15,NULL,NULL,0,NULL
1,710694480,132,0,2069,1,0,36,1402369692,NULL,8,5,10,NULL,NULL,0,NULL
1,710662617,129,0,1794,1,0,70,1402367265,NULL,8,1,4,NULL,NULL,0,NULL
1,709257495,129,0,2568,1,0,99,1402306951,NULL,11,5,21,NULL,NULL,0,NULL
1,709199454,0,1,1554,1,0,70,1402304747,NULL,4,1,3,NULL,NULL,0,NULL
1,707539712,3,1,3459,1,0,8,1402228086,NULL,10,13,8,NULL,NULL,0,NULL
1,706914877,0,1,2942,1,0,54,1402205707,NULL,7,9,10,NULL,NULL,0,NULL
1,706711970,1,1,3404,1,0,28,1402193648,NULL,9,7,16,NULL,NULL,0,NULL
1,705081522,128,0,1976,1,0,60,1402128872,NULL,5,5,15,NULL,NULL,0,NULL
1,704719763,1,1,3064,1,0,34,1402112402,NULL,11,10,18,NULL,NULL,0,NULL
1,704675856,4,1,2320,1,0,2,1402109240,NULL,11,6,9,NULL,NULL,0,NULL
1,703599138,2,1,3613,1,0,1,1402059516,NULL,13,6,10,NULL,NULL,0,NULL
1,703006925,4,1,2494,1,0,76,1402038517,NULL,22,1,2,NULL,NULL,0,NULL
1,701709788,4,1,3247,1,0,25,1401972469,NULL,7,12,14,NULL,NULL,1,NULL
1,701580620,2,1,3667,1,0,104,1401968707,NULL,23,14,21,NULL,NULL,0,NULL
1,701427930,130,0,2859,1,0,99,1401962705,NULL,8,9,21,NULL,NULL,0,NULL
1,701264622,3,1,2229,1,0,99,1401957480,NULL,18,5,9,NULL,NULL,0,NULL
1,701032670,131,0,2926,1,0,98,1401946255,NULL,8,7,12,NULL,NULL,0,NULL
1,699930480,131,0,2998,1,0,66,1401889479,NULL,6,7,13,NULL,NULL,0,NULL
1,699728939,0,1,1926,1,0,99,1401883856,NULL,7,2,10,NULL,NULL,0,NULL
1,699519734,132,0,2578,1,0,34,1401877320,NULL,14,7,14,NULL,NULL,0,NULL
1,699224750,1,1,2816,1,0,2,1401865380,NULL,15,7,15,NULL,NULL,0,NULL
1,697764634,1,1,2878,1,0,86,1401798046,NULL,2,1,14,NULL,NULL,0,NULL
1,697423705,2,1,3320,1,0,5,1401786411,NULL,3,9,19,NULL,NULL,0,NULL
1,697014384,131,0,2597,2,0,18,1401766008,NULL,13,3,13,NULL,NULL,0,NULL
1,695273363,4,1,1926,2,0,87,1401690517,NULL,4,6,11,NULL,NULL,0,NULL
1,695051029,3,1,2020,1,0,87,1401677470,NULL,2,2,15,NULL,NULL,0,NULL
1,694958911,3,1,1495,1,0,74,1401670489,NULL,8,2,6,NULL,NULL,0,NULL
1,693724005,2,1,2722,1,0,94,1401624072,NULL,5,5,17,NULL,NULL,0,NULL
1,693599527,0,1,2673,1,0,93,1401620403,NULL,2,1,1,NULL,NULL,4,NULL
1,692773287,129,0,3251,1,0,93,1401586984,NULL,4,4,13,NULL,NULL,4,NULL
1,690972150,128,0,2582,1,0,74,1401528998,NULL,6,7,14,NULL,NULL,0,NULL
1,690704164,129,0,2877,1,0,16,1401521794,NULL,6,3,13,NULL,NULL,0,NULL
1,688170892,4,1,2654,1,0,21,1401418513,NULL,2,5,8,NULL,NULL,0,NULL
1,688141041,130,0,1951,1,0,18,1401416313,NULL,7,5,9,NULL,NULL,0,NULL
1,687118660,2,1,3301,1,0,25,1401368269,NULL,9,9,19,NULL,NULL,0,NULL
1,686205346,4,1,2625,1,0,59,1401323813,NULL,13,12,7,NULL,NULL,0,NULL
1,685344246,3,1,2318,1,0,47,1401284935,NULL,17,3,13,NULL,NULL,0,NULL
1,685244359,2,1,2376,1,0,65,1401282059,NULL,1,2,8,NULL,NULL,0,NULL
1,684937516,1,1,2384,1,0,76,1401271652,NULL,3,7,18,NULL,NULL,0,NULL
1,683042450,130,0,2625,1,0,102,1401179895,NULL,2,5,22,NULL,NULL,0,NULL
1,682964924,131,0,2933,1,0,44,1401176647,NULL,10,6,10,NULL,NULL,0,NULL
1,681644343,2,1,2005,1,0,44,1401108975,NULL,11,2,13,NULL,NULL,0,NULL
1,679402150,2,1,1882,1,0,14,1401008766,NULL,11,2,10,NULL,NULL,0,NULL
1,679275953,131,0,3385,1,0,20,1401004548,NULL,12,6,18,NULL,NULL,0,NULL
1,677733080,132,0,2883,1,0,77,1400935124,NULL,11,5,8,NULL,NULL,0,NULL
1,675712976,1,1,2590,1,0,11,1400848435,NULL,2,10,15,NULL,NULL,0,NULL
1,673693328,3,1,2256,1,0,29,1400753997,NULL,3,6,15,NULL,NULL,0,NULL
1,673479159,132,0,3067,1,0,77,1400743687,NULL,14,7,12,NULL,NULL,0,NULL
1,672269776,4,1,1893,1,0,28,1400677337,NULL,18,1,15,NULL,NULL,0,NULL
1,670516502,4,1,2246,1,0,77,1400588156,NULL,4,6,14,NULL,NULL,0,NULL
1,668984696,2,1,3846,1,0,51,1400505667,NULL,3,7,14,NULL,NULL,2,NULL
1,668873796,130,0,2995,1,0,51,1400502376,NULL,6,13,22,NULL,NULL,0,NULL
1,668125069,0,1,1721,1,0,65,1400457278,NULL,5,1,12,NULL,NULL,0,NULL
1,667126013,4,1,2441,1,0,65,1400416435,NULL,0,0,0,NULL,NULL,3,NULL
1,666863782,1,1,3020,1,0,65,1400407846,NULL,5,13,20,NULL,NULL,0,NULL
1,666409992,4,1,3015,1,0,67,1400391842,NULL,7,3,23,NULL,NULL,0,NULL
1,664322638,3,1,2291,1,0,12,1400305715,NULL,12,1,10,NULL,NULL,0,NULL
1,664277554,1,1,2002,1,0,16,1400303737,NULL,6,3,8,NULL,NULL,0,NULL
1,664228567,2,1,2304,1,0,14,1400300801,NULL,15,1,14,NULL,NULL,0,NULL
1,662670718,131,0,2896,1,0,13,1400232828,NULL,13,4,11,NULL,NULL,0,NULL
1,662532774,130,0,3071,1,0,100,1400226047,NULL,13,11,8,NULL,NULL,0,NULL
1,662321644,4,1,3325,1,0,16,1400213278,NULL,19,4,23,NULL,NULL,0,NULL
1,662242861,130,0,1968,1,0,14,1400206586,NULL,16,3,15,NULL,NULL,0,NULL
1,661032310,2,1,2980,1,0,14,1400151271,NULL,10,5,9,NULL,NULL,0,NULL
1,660841800,2,1,1270,1,0,64,1400142469,NULL,1,0,3,NULL,NULL,0,NULL
1,660776409,3,1,2572,1,0,13,1400139459,NULL,8,3,9,NULL,NULL,0,NULL
1,660700458,130,0,1350,1,0,104,1400134223,NULL,4,0,7,NULL,NULL,0,NULL
1,660680691,130,0,784,1,0,104,1400132942,NULL,2,0,2,NULL,NULL,0,NULL
1,659078390,2,1,1763,1,0,26,1400052155,NULL,3,4,6,NULL,NULL,0,NULL
1,658874265,130,0,2961,1,0,13,1400035779,NULL,4,11,10,NULL,NULL,0,NULL
1,658839406,130,0,2870,1,0,13,1400032371,NULL,6,3,15,NULL,NULL,0,NULL
1,657490694,131,0,2558,1,0,68,1399968117,NULL,7,7,6,NULL,NULL,0,NULL
1,656299465,130,0,2129,1,0,67,1399900329,NULL,11,2,23,NULL,NULL,0,NULL
1,655915573,3,1,2401,1,0,40,1399885320,NULL,6,6,15,NULL,NULL,0,NULL
1,655764364,131,0,1761,1,0,68,1399876708,NULL,2,2,12,NULL,NULL,0,NULL
1,655724181,131,0,2318,1,0,26,1399874040,NULL,8,3,4,NULL,NULL,0,NULL
1,652198650,1,1,2631,1,0,46,1399716712,NULL,13,9,9,NULL,NULL,0,NULL
1,651891308,1,1,2376,1,0,46,1399703635,NULL,3,8,4,NULL,NULL,0,NULL
1,650222283,131,0,1500,4,0,4,1399621394,NULL,0,2,3,NULL,NULL,0,NULL
1,650098518,2,1,2376,1,0,77,1399614725,NULL,4,5,5,NULL,NULL,0,NULL
1,650058565,129,0,2562,1,0,14,1399611491,NULL,2,14,9,NULL,NULL,0,NULL
1,648535005,2,1,2292,1,0,87,1399534755,NULL,11,0,10,NULL,NULL,0,NULL
1,647101411,129,0,2561,1,0,88,1399453680,NULL,3,7,12,NULL,NULL,0,NULL
1,647052620,3,1,2387,1,0,67,1399450942,NULL,3,6,13,NULL,NULL,0,NULL
1,644330286,0,1,1825,1,0,2,1399294454,NULL,5,1,4,NULL,NULL,0,NULL
1,640512752,132,0,1960,1,0,87,1399112409,NULL,2,8,3,NULL,NULL,0,NULL
1,640345486,130,0,1907,1,0,87,1399106082,NULL,3,4,8,NULL,NULL,0,NULL
1,615143433,1,1,2129,1,0,90,1397791484,NULL,0,7,2,NULL,NULL,1,NULL
0,6830363744,2,0,1502,4,0,59,1667056013,NULL,0,0,0,NULL,32,3,2
0,5341647036,132,1,2369,22,0,62,1586335106,NULL,2,7,15,1,NULL,0,4
0,5330777021,3,0,1904,22,7,28,1585887051,NULL,1,9,4,1,NULL,0,5
0,5328766759,3,0,2692,22,0,88,1585801352,NULL,3,4,11,1,NULL,0,1
0,5323528390,131,1,2831,22,0,28,1585574019,21,6,8,3,NULL,NULL,0,5
0,5314709318,131,1,2788,22,0,58,1585214508,NULL,0,7,8,NULL,NULL,0,2
0,5313382822,3,0,2483,22,0,64,1585147079,NULL,1,8,10,NULL,NULL,0,4
0,5302724454,132,1,3078,22,0,58,1584691165,NULL,3,9,10,1,NULL,0,2
0,5298903454,131,1,2336,22,0,47,1584512892,NULL,6,7,8,1,NULL,0,2
0,5294078534,131,1,2368,22,0,4,1584278939,NULL,3,2,6,NULL,NULL,0,NULL
0,5290450865,2,0,1886,22,0,50,1584118995,NULL,5,8,5,1,NULL,0,NULL
0,5290387263,132,1,1929,22,0,75,1584116643,NULL,1,6,6,1,NULL,0,NULL
0,5290198228,4,0,3698,22,0,35,1584110650,NULL,7,5,17,NULL,NULL,0,NULL
0,4958283705,0,0,3036,22,7,26,1565425241,NULL,3,6,20,NULL,NULL,2,NULL
0,4156562949,4,0,2191,22,7,26,1538893461,NULL,7,5,8,1,NULL,0,NULL
0,4135324283,129,1,1990,22,7,20,1537797627,NULL,1,10,5,NULL,NULL,0,NULL
0,4118568986,4,0,3433,22,0,50,1536991286,NULL,14,16,14,NULL,NULL,0,NULL
0,4110445665,0,0,2510,22,0,50,1536571325,NULL,2,10,8,NULL,NULL,0,NULL
0,4108616888,128,1,2483,22,0,12,1536485018,NULL,6,11,9,NULL,NULL,0,NULL
0,4107100127,129,1,2261,22,0,98,1536418353,NULL,8,6,6,NULL,NULL,0,NULL
0,3771542608,4,0,1752,22,7,92,1520582986,NULL,2,7,2,1,NULL,0,3
0,3577648982,130,1,2494,22,0,112,1511439101,NULL,1,7,6,1,NULL,0,NULL
0,3570689412,132,1,2325,4,0,53,1511084209,NULL,5,7,10,1,NULL,0,NULL
0,3563469663,129,1,2092,22,7,101,1510756390,NULL,3,8,12,NULL,NULL,0,NULL
0,3558297883,132,1,1957,22,7,96,1510498369,NULL,4,4,12,NULL,NULL,0,NULL
0,3557652559,132,1,2070,22,7,112,1510478758,NULL,1,5,7,NULL,NULL,0,NULL
0,3542449800,2,0,4230,22,7,55,1509805918,NULL,2,5,35,NULL,NULL,0,NULL
0,3533561490,2,0,3482,22,7,9,1509457757,20,11,8,19,NULL,NULL,0,3
0,3529944324,129,1,4082,22,7,70,1509287142,20,8,5,10,NULL,NULL,0,5
0,3527758740,130,1,2835,22,7,7,1509199534,20,6,8,13,1,NULL,0,5
0,3525773095,1,0,2055,22,7,28,1509113617,20,0,8,10,1,NULL,0,3
0,3518778283,4,0,3210,22,7,7,1508769026,20,6,9,19,NULL,NULL,0,5
0,3492434779,130,1,2374,22,7,20,1507556033,NULL,0,11,7,2,NULL,0,NULL
0,3488645022,131,1,4596,22,7,99,1507389329,NULL,1,11,28,2,NULL,0,NULL
0,3487843280,132,1,2195,22,7,28,1507365244,20,5,7,13,1,NULL,0,5
0,3484630128,4,0,2275,22,7,4,1507218455,NULL,1,7,0,2,NULL,0,NULL
0,3482647360,3,0,2572,22,7,98,1507126832,20,8,7,10,2,NULL,0,5
0,3476209470,131,1,2367,22,7,51,1506838877,20,3,5,15,1,NULL,0,5
0,3468191028,130,1,3479,22,0,75,1506471889,20,0,3,17,1,NULL,0,3
0,3345899220,2,0,3700,22,0,80,1501421123,NULL,3,6,6,NULL,NULL,0,NULL
0,3345859926,129,1,1600,22,0,2,1501420039,NULL,1,7,2,1,NULL,1,NULL
0,3286100947,131,1,4096,22,0,11,1498922645,NULL,7,6,16,2,NULL,0,NULL
0,3193418450,1,0,1530,22,0,44,1495293556,NULL,0,4,4,2,NULL,1,NULL
0,2977316871,131,1,2337,4,0,54,1486295941,NULL,10,7,4,NULL,NULL,0,NULL
0,2963845090,4,0,3351,22,7,60,1485963743,NULL,2,9,21,NULL,NULL,0,NULL
0,2954944816,2,0,2058,22,7,108,1485757797,NULL,0,5,21,NULL,NULL,0,NULL
0,2935059529,2,0,953,4,0,7,1485223358,NULL,1,1,0,NULL,NULL,1,NULL
0,2934320737,131,1,2204,22,7,84,1485185037,NULL,3,8,6,NULL,NULL,0,NULL
0,2925448988,4,0,2949,22,7,93,1484830809,NULL,11,5,9,NULL,NULL,0,NULL
0,2924829658,132,1,2804,1,0,90,1484808332,NULL,5,6,18,NULL,NULL,0,NULL
0,2909182127,2,0,2175,1,0,17,1484146264,NULL,4,9,4,NULL,NULL,0,NULL
0,2908058865,129,1,2544,22,7,99,1484104045,NULL,4,12,16,NULL,NULL,0,NULL
0,2904902311,4,0,2392,22,7,98,1483967452,NULL,7,9,4,NULL,NULL,0,NULL
0,2904408831,131,1,2597,1,0,14,1483952040,NULL,6,11,10,NULL,NULL,0,NULL
0,2900479777,130,1,2745,22,7,51,1483798951,NULL,6,6,23,NULL,NULL,0,NULL
0,2897869947,132,1,2289,22,7,99,1483706994,NULL,4,8,10,NULL,NULL,0,NULL
0,2895353581,130,1,2696,22,7,2,1483610197,NULL,14,11,12,NULL,NULL,0,NULL
0,2895281802,132,1,1861,22,7,84,1483607723,NULL,3,8,9,NULL,NULL,0,NULL
0,2891569287,3,0,3604,22,7,51,1483452639,NULL,8,11,20,NULL,NULL,0,NULL
0,2890543983,132,1,2199,1,0,41,1483417680,NULL,0,5,9,NULL,NULL,0,NULL
0,2886916103,2,0,2434,22,7,28,1483278081,NULL,6,11,18,NULL,NULL,0,NULL
0,2886216273,3,0,3897,1,0,65,1483257168,NULL,12,10,36,NULL,NULL,0,NULL
0,2884896829,132,1,1881,22,7,108,1483196951,NULL,2,6,4,NULL,NULL,0,NULL
0,2883672516,128,1,3573,1,0,11,1483159013,NULL,6,8,5,NULL,NULL,0,NULL
0,2881653024,2,0,3616,1,0,30,1483086662,NULL,19,11,13,NULL,NULL,2,NULL
0,2877669594,3,0,3314,22,7,97,1482929589,NULL,4,13,13,NULL,NULL,0,NULL
0,2876894200,132,1,2971,22,7,28,1482903401,NULL,5,8,14,NULL,NULL,0,NULL
0,2875000669,129,1,2974,1,0,73,1482829833,NULL,7,8,12,NULL,NULL,0,NULL
0,2873506053,131,1,3867,22,7,2,1482764549,NULL,9,18,21,NULL,NULL,0,NULL
0,2873407033,131,1,1898,22,7,84,1482761976,NULL,3,6,5,NULL,NULL,0,NULL
0,2870019420,2,0,2402,1,0,9,1482643105,NULL,8,11,14,NULL,NULL,0,NULL
0,2864121393,132,1,3827,22,7,26,1482408947,NULL,6,16,22,NULL,NULL,0,NULL
0,2859933957,130,1,4813,1,0,40,1482235881,NULL,7,14,31,NULL,NULL,0,NULL
0,2836185334,4,0,2170,22,7,104,1481384254,NULL,2,5,8,NULL,NULL,0,NULL
0,2826760641,3,0,3403,22,7,99,1481027238,NULL,6,7,17,NULL,NULL,0,NULL
0,2822913790,131,1,3126,2,7,84,1480861463,NULL,5,3,12,NULL,NULL,0,NULL
0,2820352460,132,1,2458,22,7,98,1480775456,NULL,3,8,8,NULL,NULL,0,NULL
0,2813434951,132,1,3211,22,7,2,1480509625,NULL,11,9,19,NULL,NULL,0,NULL
0,2808965671,130,1,2603,22,7,71,1480325947,NULL,7,10,14,NULL,NULL,0,NULL
0,2807537191,130,1,2054,22,7,16,1480259326,NULL,6,8,5,NULL,NULL,0,NULL
0,2802113407,130,1,1768,22,7,5,1480080506,NULL,1,10,15,NULL,NULL,0,NULL
0,2801382776,4,0,2729,1,0,62,1480056949,NULL,2,6,16,NULL,NULL,0,NULL
0,2800088472,3,0,3239,22,7,20,1479997347,17,1,15,17,NULL,NULL,0,NULL
0,2797524837,132,1,3481,22,7,9,1479896348,NULL,8,8,14,NULL,NULL,0,NULL
0,2791049590,4,0,2176,22,7,20,1479630183,NULL,3,10,10,NULL,NULL,0,NULL
0,2787829694,2,0,1882,22,7,101,1479525474,NULL,2,7,11,NULL,NULL,0,NULL
0,2786681393,4,0,2169,22,7,26,1479479126,NULL,3,10,12,NULL,NULL,0,NULL
0,2783906889,2,0,2645,1,0,97,1479373024,NULL,4,6,6,NULL,NULL,0,NULL
0,2781405384,3,0,3058,4,0,78,1479265218,NULL,6,7,5,NULL,NULL,0,NULL
0,2780433628,130,1,2190,22,7,101,1479219482,NULL,3,10,13,NULL,NULL,0,NULL
0,2780319480,131,1,2045,22,7,41,1479216508,NULL,0,5,5,NULL,NULL,0,NULL
0,2778315771,129,1,2706,4,0,68,1479130580,NULL,3,5,14,NULL,NULL,0,NULL
0,2777834439,4,0,2262,1,0,25,1479115533,NULL,9,8,7,NULL,NULL,0,NULL
0,2775382343,129,1,2420,22,7,60,1479023056,NULL,5,4,13,NULL,NULL,0,NULL
0,2771127037,129,1,3081,22,7,7,1478875293,NULL,3,12,16,NULL,NULL,0,NULL
0,2770154690,130,1,2512,4,0,97,1478844543,NULL,5,9,6,NULL,NULL,0,NULL
0,2768876657,3,0,2417,22,7,98,1478785013,NULL,5,9,7,NULL,NULL,0,NULL
0,2768506577,1,0,2377,1,0,64,1478773882,NULL,0,17,18,NULL,NULL,0,NULL
0,2768422662,1,0,2307,22,7,28,1478770724,NULL,4,11,7,NULL,NULL,0,NULL
0,2766488167,131,1,2675,22,7,29,1478686475,NULL,4,7,13,NULL,NULL,0,NULL
0,2766023483,1,0,2347,22,7,56,1478665768,NULL,7,4,6,NULL,NULL,0,NULL
0,2765988513,1,0,1304,22,7,45,1478663799,NULL,1,5,1,NULL,NULL,1,NULL
0,2764885994,131,1,2521,22,7,84,1478611622,NULL,4,11,14,NULL,NULL,0,NULL
0,2764778758,130,1,1759,22,7,28,1478608744,NULL,3,10,2,NULL,NULL,0,NULL
0,2764362349,130,1,1291,1,0,98,1478594413,NULL,0,4,0,NULL,NULL,2,NULL
0,2760745433,3,0,3534,1,0,97,1478438347,NULL,3,5,7,NULL,NULL,0,NULL
0,2023661960,2,0,2176,22,7,21,1450877438,NULL,6,7,5,NULL,NULL,0,NULL
0,1994703118,130,1,2545,22,7,97,1449839383,NULL,3,9,16,NULL,NULL,0,NULL
0,1992979534,0,0,3421,22,7,97,1449763645,NULL,7,6,31,NULL,NULL,0,NULL
0,1992813856,1,0,2045,22,7,98,1449759097,NULL,2,9,10,NULL,NULL,0,NULL
0,1991653289,0,0,2714,22,7,86,1449717842,NULL,5,12,14,NULL,NULL,0,NULL
0,1990645016,130,1,2963,4,0,91,1449671203,NULL,4,8,13,NULL,NULL,0,NULL
0,1987825206,4,0,5564,1,0,99,1449564322,NULL,2,12,17,NULL,NULL,0,NULL
0,1987389370,0,0,2693,22,7,97,1449544426,NULL,6,8,9,NULL,NULL,0,NULL
0,1986446804,131,1,2792,22,7,97,1449500496,NULL,6,7,10,NULL,NULL,0,NULL
0,1984284055,130,1,3046,22,7,97,1449414395,NULL,6,4,21,NULL,NULL,0,NULL
0,1981445339,0,0,1989,22,7,11,1449325261,NULL,3,9,6,NULL,NULL,0,NULL
0,1978929305,4,0,2357,2,7,29,1449240507,NULL,4,8,9,NULL,NULL,0,NULL
0,1973904141,132,1,3199,22,7,97,1449039636,NULL,4,6,13,NULL,NULL,0,NULL
0,1972683432,2,0,2596,1,0,82,1448979607,NULL,5,10,6,NULL,NULL,0,NULL
0,1971942280,2,0,3028,5,0,85,1448954756,NULL,7,11,12,NULL,NULL,0,NULL
0,1971869091,4,0,2711,1,0,3,1448951284,NULL,4,11,28,NULL,NULL,0,NULL
0,1967526667,0,0,2620,22,7,112,1448779280,NULL,3,6,12,NULL,NULL,0,NULL
0,1966037726,1,0,2277,22,7,104,1448723411,NULL,2,8,8,NULL,NULL,0,NULL
0,1962384551,131,1,2897,1,0,11,1448603136,NULL,10,6,12,NULL,NULL,0,NULL
0,1961211000,4,0,2420,22,7,100,1448548326,NULL,6,6,8,NULL,NULL,0,NULL
0,1960606710,2,0,2816,1,0,79,1448530666,NULL,1,9,12,NULL,NULL,0,NULL
0,1959284071,131,1,2963,1,0,110,1448466232,NULL,6,14,15,NULL,NULL,0,NULL
0,1958595793,3,0,2915,1,0,83,1448446620,NULL,7,9,11,NULL,NULL,0,NULL
0,1958112914,4,0,3016,22,7,112,1448425238,NULL,7,10,12,NULL,NULL,0,NULL
0,1954897118,132,1,3302,22,7,98,1448287459,NULL,13,9,20,NULL,NULL,0,NULL
0,1951918048,130,1,1574,22,7,47,1448180459,NULL,4,4,7,NULL,NULL,3,NULL
0,1951679588,132,1,2551,22,7,8,1448173604,NULL,11,6,5,NULL,NULL,0,NULL
0,1947717681,132,1,3195,22,7,28,1448031678,NULL,5,10,16,NULL,NULL,0,NULL
0,1945715719,0,0,2589,22,7,70,1447947592,NULL,3,9,2,NULL,NULL,0,NULL
0,1944706796,1,0,2760,22,7,9,1447913055,NULL,6,5,21,NULL,NULL,0,NULL
0,1937948028,4,0,3456,22,7,29,1447602930,NULL,1,7,18,NULL,NULL,0,NULL
0,1931126459,3,0,2491,22,7,13,1447339100,NULL,3,10,15,NULL,NULL,0,NULL
0,1928404588,128,1,1739,1,0,73,1447223447,NULL,1,9,5,NULL,NULL,0,NULL
0,1925435361,2,0,2335,1,0,51,1447081658,NULL,9,9,8,NULL,NULL,0,NULL
0,1920556809,128,1,3303,1,0,60,1446902836,NULL,11,9,13,NULL,NULL,0,NULL
0,1917521654,130,1,2217,1,0,104,1446798846,NULL,10,4,7,NULL,NULL,0,NULL
0,1917449585,132,1,2246,1,0,103,1446795962,NULL,3,10,6,NULL,NULL,0,NULL
0,1911391608,2,0,1779,22,7,8,1446553624,NULL,4,4,8,NULL,NULL,0,NULL
0,1911015078,0,0,2871,1,0,21,1446542349,NULL,13,6,6,NULL,NULL,0,NULL
0,1896010247,2,0,3709,22,7,100,1445952506,NULL,13,15,18,NULL,NULL,0,NULL
0,1886580978,128,1,1965,22,7,20,1445612734,NULL,1,8,6,NULL,NULL,0,NULL
0,1884175607,4,0,3053,1,0,75,1445520341,NULL,2,13,14,NULL,NULL,0,NULL
0,1880017451,130,1,2073,1,0,39,1445346664,NULL,3,5,9,NULL,NULL,0,NULL
0,1868521322,131,1,1772,1,0,18,1444923188,NULL,1,6,1,NULL,NULL,0,NULL
0,1868219534,3,0,1777,1,0,26,1444915786,NULL,2,9,5,NULL,NULL,0,NULL
0,1863939213,130,1,2904,1,0,17,1444743353,NULL,12,8,12,NULL,NULL,0,NULL
0,1863261735,130,1,2187,1,0,25,1444721480,NULL,3,8,4,NULL,NULL,0,NULL
0,1863211720,130,1,1863,1,0,35,1444719216,NULL,7,7,9,NULL,NULL,0,NULL
0,1860846719,128,1,2353,1,0,64,1444618222,NULL,7,7,9,NULL,NULL,0,NULL
0,1860076697,131,1,2082,1,0,36,1444580778,NULL,6,12,11,NULL,NULL,0,NULL
0,1858320706,2,0,663,1,0,11,1444535594,NULL,2,3,0,NULL,NULL,1,NULL
0,1856871686,128,1,2096,1,0,2,1444485912,NULL,5,6,6,NULL,NULL,0,NULL
0,1851981991,131,1,2308,1,0,16,1444312879,NULL,8,7,10,NULL,NULL,0,NULL
0,1851835280,130,1,2264,1,0,11,1444309524,NULL,6,5,8,NULL,NULL,0,NULL
0,1851285796,4,0,3530,1,0,101,1444292968,NULL,2,11,22,NULL,NULL,0,NULL
0,1851225715,132,1,1940,1,0,38,1444290699,NULL,2,6,6,NULL,NULL,0,NULL
0,1848934068,130,1,2730,1,0,62,1444204850,NULL,9,5,7,NULL,NULL,0,NULL
0,1846279711,130,1,3011,1,0,102,1444109151,NULL,5,6,18,NULL,NULL,0,NULL
0,1590549432,0,0,3203,1,0,42,1435497644,NULL,6,5,10,NULL,NULL,0,NULL
0,1585125313,131,1,4649,22,7,4,1435333982,NULL,19,14,23,NULL,NULL,0,NULL
0,1577151360,4,0,2802,1,0,23,1435072787,NULL,5,11,10,NULL,NULL,0,NULL
0,1577012870,130,1,2577,1,0,101,1435069793,NULL,7,8,14,NULL,NULL,0,NULL
0,1576264087,4,0,2695,5,0,74,1435052785,NULL,10,7,5,NULL,NULL,0,NULL
0,1574229017,3,0,2892,1,0,55,1434981380,NULL,3,13,10,NULL,NULL,0,NULL
0,1571692563,1,0,3651,1,0,73,1434902299,NULL,4,10,15,NULL,NULL,0,NULL
0,1562536012,1,0,1740,1,0,46,1434646429,NULL,2,5,1,NULL,NULL,0,NULL
0,1541221083,129,1,1893,1,0,32,1433919709,NULL,6,10,4,NULL,NULL,0,NULL
0,1537336033,132,1,2716,1,0,12,1433774499,NULL,4,8,5,NULL,NULL,0,NULL
0,1516613277,4,0,3007,1,0,28,1433079823,NULL,9,6,6,NULL,NULL,0,NULL
0,1509416437,129,1,2467,1,0,1,1432871009,NULL,7,4,8,NULL,NULL,0,NULL
0,1505591448,0,0,2947,1,0,88,1432734916,NULL,12,10,11,NULL,NULL,0,NULL
0,1498443101,129,1,4899,1,0,35,1432475556,NULL,14,16,22,NULL,NULL,0,NULL
0,1496982232,130,1,3693,22,7,84,1432436841,NULL,5,10,20,NULL,NULL,0,NULL
0,1490542369,130,1,3843,1,0,105,1432218565,NULL,14,15,4,NULL,NULL,0,NULL
0,1483340197,4,0,2825,1,0,105,1431956711,NULL,16,12,6,NULL,NULL,0,NULL
0,1475267208,129,1,3375,1,0,105,1431701328,NULL,15,11,11,NULL,NULL,0,NULL
0,1474410800,130,1,3535,1,0,33,1431680773,NULL,2,6,13,NULL,NULL,1,NULL
0,1472473105,132,1,2519,1,0,76,1431608490,NULL,9,3,4,NULL,NULL,0,NULL
0,1470456743,2,0,2533,4,0,67,1431529358,NULL,5,7,7,NULL,NULL,0,NULL
0,1470147121,131,1,3401,4,0,7,1431522552,NULL,4,8,13,NULL,NULL,0,NULL
0,1467672543,130,1,2821,1,0,26,1431435372,NULL,4,9,6,NULL,NULL,0,NULL
0,1465636264,130,1,3238,1,0,19,1431354599,NULL,14,9,11,NULL,NULL,0,NULL
0,1458708330,2,0,2843,1,0,89,1431141285,NULL,2,8,8,NULL,NULL,0,NULL
0,1458640390,132,1,2367,1,0,25,1431138549,NULL,11,2,7,NULL,NULL,0,NULL
0,1457561371,130,1,2361,1,0,36,1431099642,NULL,6,8,2,NULL,NULL,0,NULL
0,1457430745,132,1,2151,1,0,98,1431096945,NULL,5,6,9,NULL,NULL,0,NULL
0,1456518137,1,0,2589,1,0,62,1431076241,NULL,4,6,7,NULL,NULL,0,NULL
0,1456270189,130,1,2646,1,0,94,1431068269,NULL,9,2,4,NULL,NULL,0,NULL
0,1454767170,0,0,2599,1,0,69,1431008841,NULL,2,7,5,NULL,NULL,0,NULL
0,1449164557,3,0,2419,1,0,70,1430816743,NULL,7,7,10,NULL,NULL,0,NULL
0,1449069247,131,1,2901,1,0,41,1430813534,NULL,4,10,8,NULL,NULL,0,NULL
0,1448990268,4,0,2477,1,0,93,1430810665,NULL,2,7,4,NULL,NULL,0,NULL
0,1444385680,130,1,2168,1,0,101,1430657056,NULL,4,6,8,NULL,NULL,0,NULL
0,1441555057,129,1,3038,1,0,25,1430576670,NULL,14,11,7,NULL,NULL,0,NULL
0,1437864365,2,0,3075,1,0,10,1430483249,NULL,13,3,8,NULL,NULL,0,NULL
0,1434765907,2,0,2065,1,0,111,1430405465,NULL,3,5,3,NULL,NULL,0,NULL
0,1434638221,3,0,2317,1,0,80,1430402682,NULL,0,6,4,NULL,NULL,0,NULL
0,1433975227,1,0,3328,1,0,41,1430385660,NULL,8,10,10,NULL,NULL,0,NULL
0,1431565479,0,0,2501,1,0,73,1430292603,NULL,3,10,21,NULL,NULL,0,NULL
0,1418679109,130,1,3792,1,0,105,1429799883,NULL,22,8,11,NULL,NULL,0,NULL
0,1408347675,2,0,2642,1,0,87,1429406659,NULL,1,12,12,NULL,NULL,0,NULL
0,1405950898,132,1,2847,1,0,62,1429334646,NULL,7,11,5,NULL,NULL,0,NULL
0,1402301747,130,1,2730,1,0,44,1429192757,NULL,7,8,7,NULL,NULL,0,NULL
0,1388571309,130,1,2481,1,0,15,1428683151,NULL,4,10,3,NULL,NULL,0,NULL
0,1385893424,130,1,2990,1,0,76,1428588577,NULL,7,7,7,NULL,NULL,0,NULL
0,1379301472,4,0,2658,1,0,21,1428331145,NULL,3,5,11,NULL,NULL,0,NULL
0,1375856776,1,0,1945,1,0,88,1428223595,NULL,8,5,7,NULL,NULL,0,NULL
0,1372435010,4,0,3730,1,0,94,1428120646,NULL,8,9,10,NULL,NULL,0,NULL
0,1371049511,3,0,3525,1,0,91,1428070880,NULL,5,16,17,NULL,NULL,0,NULL
0,1355321341,129,1,3288,1,0,95,1427535551,NULL,22,5,5,NULL,NULL,0,NULL
0,1338786845,128,1,2464,1,0,1,1426985982,NULL,8,6,6,NULL,NULL,0,NULL
0,1331225543,130,1,2187,1,0,74,1426756112,NULL,6,7,2,NULL,NULL,0,NULL
0,1330657804,4,0,2836,1,0,86,1426732201,NULL,3,13,10,NULL,NULL,0,NULL
0,1328873019,1,0,2255,1,0,82,1426668057,NULL,1,15,9,NULL,NULL,0,NULL
0,1328722251,3,0,1770,1,0,13,1426662424,NULL,3,8,7,NULL,NULL,0,NULL
0,1322753799,2,0,2415,1,0,99,1426431612,NULL,4,10,7,NULL,NULL,0,NULL
0,1322377352,131,1,1901,1,0,45,1426423325,NULL,5,9,9,NULL,NULL,0,NULL
0,1320070013,131,1,2744,1,0,93,1426351348,NULL,2,9,10,NULL,NULL,0,NULL
0,1318503707,130,1,2310,1,0,33,1426316217,NULL,2,6,3,NULL,NULL,0,NULL
0,1312256091,2,0,2390,1,0,93,1426088186,NULL,3,11,3,NULL,NULL,0,NULL
0,1311923902,2,0,3652,1,0,90,1426080354,NULL,1,16,11,NULL,NULL,0,NULL
0,1304709405,3,0,2322,1,0,93,1425820114,NULL,7,4,13,NULL,NULL,0,NULL
0,1304595320,3,0,2064,1,0,64,1425817661,NULL,7,6,17,NULL,NULL,0,NULL
0,1304190508,4,0,2715,1,0,56,1425808282,NULL,15,4,7,NULL,NULL,0,NULL
0,1300992627,0,0,3010,1,0,96,1425717163,NULL,4,6,13,NULL,NULL,0,NULL
0,1298944576,0,0,3363,1,0,111,1425649395,NULL,2,4,14,NULL,NULL,0,NULL
0,1291328384,129,1,3750,1,0,43,1425381282,NULL,4,15,10,NULL,NULL,2,NULL
0,1285014161,128,1,2678,1,0,25,1425189919,NULL,7,10,12,NULL,NULL,0,NULL
0,1284905182,128,1,2562,1,0,62,1425186656,NULL,6,7,13,NULL,NULL,0,NULL
0,1283042789,1,0,2230,1,0,8,1425134653,NULL,6,3,4,NULL,NULL,0,NULL
0,1282135571,130,1,2865,1,0,100,1425118314,NULL,4,13,16,NULL,NULL,0,NULL
0,1279428135,128,1,2020,1,0,20,1425042035,NULL,1,8,11,NULL,NULL,0,NULL
0,1262384126,4,0,2897,1,0,51,1424574092,NULL,6,12,20,NULL,NULL,0,NULL
0,1255987511,2,0,2247,1,0,17,1424418703,NULL,7,5,8,NULL,NULL,0,NULL
0,1255892884,128,1,2329,1,0,8,1424415919,NULL,7,9,9,NULL,NULL,0,NULL
0,1249773601,132,1,2638,1,0,26,1424250894,NULL,10,5,12,NULL,NULL,0,NULL
0,1239162257,1,0,1644,1,0,7,1423961278,NULL,1,6,0,NULL,NULL,2,NULL
0,1139440181,129,1,2620,22,7,104,1420362999,NULL,6,7,10,NULL,NULL,0,NULL
0,1139285559,131,1,1553,1,0,1,1420357849,NULL,0,5,2,NULL,NULL,0,NULL
0,1136693721,4,0,2874,1,0,44,1420270018,NULL,4,8,9,NULL,NULL,0,NULL
0,1136622133,129,1,2244,1,0,53,1420267466,NULL,1,6,3,NULL,NULL,0,NULL
0,1130222040,131,1,3154,1,0,97,1420034917,NULL,7,8,9,NULL,NULL,2,NULL
0,1129163236,2,0,3086,1,0,44,1420002925,NULL,3,11,11,NULL,NULL,0,NULL
0,1129074307,3,0,1523,5,0,110,1419998749,NULL,0,2,2,NULL,NULL,1,NULL
0,1125287090,3,0,2821,1,0,54,1419862768,NULL,8,10,8,NULL,NULL,0,NULL
0,1124390213,132,1,824,1,0,86,1419837759,NULL,3,3,0,NULL,NULL,1,NULL
0,1119591490,2,0,2794,1,0,34,1419675231,NULL,11,9,17,NULL,NULL,0,NULL
0,1119252104,131,1,2551,1,0,55,1419665103,NULL,7,3,9,NULL,NULL,0,NULL
0,1117481284,130,1,3592,1,0,7,1419599916,NULL,5,10,19,NULL,NULL,0,NULL
0,1116673651,131,1,2407,1,0,86,1419574428,NULL,12,8,9,NULL,NULL,0,NULL
0,1116487963,130,1,1884,1,0,47,1419565363,NULL,6,6,6,NULL,NULL,0,NULL
0,1108243762,1,0,5913,1,0,32,1419240031,NULL,16,12,9,NULL,NULL,0,NULL
0,1103002272,0,0,3388,1,0,38,1419052068,NULL,10,9,14,NULL,NULL,0,NULL
0,1100905061,2,0,4437,1,0,26,1418975729,NULL,9,11,12,NULL,NULL,0,NULL
0,1098785223,2,0,3306,1,0,25,1418897367,NULL,2,12,11,NULL,NULL,0,NULL
0,1098118291,129,1,2714,1,0,102,1418866369,NULL,4,7,12,NULL,NULL,0,NULL
0,1096118714,131,1,2888,1,0,98,1418785743,NULL,6,11,13,NULL,NULL,0,NULL
0,1094890020,4,0,3509,1,0,78,1418733935,NULL,8,13,18,NULL,NULL,0,NULL
0,1094108955,129,1,2075,1,0,30,1418700348,NULL,9,7,7,NULL,NULL,0,NULL
0,1094094905,3,0,462,1,0,86,1418699492,NULL,1,1,1,NULL,NULL,1,NULL
0,1089744104,3,0,3229,1,0,101,1418522563,NULL,27,7,11,NULL,NULL,0,NULL
0,1085630846,132,1,2518,1,0,65,1418379316,NULL,14,6,15,NULL,NULL,0,NULL
0,1066764134,1,0,3030,1,0,42,1417610251,NULL,3,4,16,NULL,NULL,0,NULL
0,1065928999,4,0,2228,1,0,71,1417571902,NULL,12,6,9,NULL,NULL,0,NULL
0,1064840226,4,0,2875,1,0,64,1417526072,NULL,1,16,12,NULL,NULL,0,NULL
0,1064169641,2,0,3627,1,0,18,1417499949,NULL,16,14,12,NULL,NULL,0,NULL
0,1064006364,2,0,2434,1,0,59,1417490343,NULL,6,15,10,NULL,NULL,0,NULL
0,1062793992,132,1,2373,1,0,92,1417437940,NULL,1,10,5,NULL,NULL,0,NULL
0,1062506840,3,0,2409,1,0,58,1417428257,NULL,10,10,12,NULL,NULL,0,NULL
0,1062155530,131,1,449,1,0,106,1417411362,NULL,1,0,1,NULL,NULL,1,NULL
0,1055527972,131,1,1949,1,0,11,1417180425,NULL,6,9,4,NULL,NULL,1,NULL
0,1054822073,129,1,2777,1,0,91,1417156227,NULL,2,6,27,NULL,NULL,0,NULL
0,1052872595,131,1,2687,1,0,38,1417077523,NULL,5,9,11,NULL,NULL,0,NULL
0,1048924729,1,0,2595,22,7,75,1416914684,NULL,4,8,4,NULL,NULL,0,NULL
0,1044640400,128,1,2534,22,7,93,1416742248,NULL,6,10,3,NULL,NULL,0,NULL
0,1043972124,132,1,3044,22,7,86,1416723546,NULL,6,12,14,NULL,NULL,0,NULL
0,1043700548,3,0,2773,1,0,8,1416712960,NULL,5,11,3,NULL,NULL,0,NULL
0,1033088605,132,1,3445,1,0,50,1416305061,NULL,4,11,16,NULL,NULL,0,NULL
0,1031543868,2,0,1948,1,0,65,1416229649,NULL,0,11,3,NULL,NULL,0,NULL
0,1030991019,4,0,2594,1,0,55,1416207076,NULL,0,12,14,NULL,NULL,0,NULL
0,1030722320,3,0,3316,1,0,106,1416189093,NULL,17,8,17,NULL,NULL,0,NULL
0,1029652284,2,0,3065,1,0,63,1416145632,NULL,7,7,12,NULL,NULL,0,NULL
0,1029488447,3,0,3513,1,0,86,1416141606,NULL,2,11,21,NULL,NULL,0,NULL
0,1029034702,3,0,2564,1,0,77,1416128750,NULL,5,7,4,NULL,NULL,0,NULL
0,1024134971,2,0,2613,1,0,27,1415955581,NULL,11,10,4,NULL,NULL,0,NULL
0,1020730357,132,1,2472,1,0,59,1415795818,NULL,5,10,11,NULL,NULL,0,NULL
0,1014427762,0,0,2879,1,0,49,1415522904,NULL,3,13,8,NULL,NULL,0,NULL
0,1014334353,2,0,2395,22,7,17,1415520100,NULL,3,6,10,NULL,NULL,0,NULL
0,1013842132,131,1,2830,22,7,72,1415500329,NULL,7,10,12,NULL,NULL,0,NULL
0,1013794728,129,1,2108,22,7,54,1415497655,NULL,2,9,3,NULL,NULL,0,NULL
0,1012461267,2,0,2783,22,7,48,1415452731,NULL,5,11,8,NULL,NULL,0,NULL
0,1012340801,0,0,2277,22,7,21,1415449884,NULL,4,11,13,NULL,NULL,0,NULL
0,1009891495,130,1,4182,1,0,4,1415363771,NULL,17,10,18,NULL,NULL,0,NULL
0,1005167214,132,1,1937,1,0,18,1415170781,NULL,4,6,6,NULL,NULL,0,NULL
0,1005091246,130,1,3104,22,7,84,1415166833,NULL,5,4,15,NULL,NULL,0,NULL
0,1005048510,0,0,1881,22,7,10,1415164472,NULL,5,8,7,NULL,NULL,0,NULL
0,1001631885,129,1,3158,1,0,3,1415018635,NULL,1,13,16,NULL,NULL,0,NULL
0,1000708924,2,0,2845,1,0,85,1414977671,NULL,10,13,15,NULL,NULL,0,NULL
0,999505255,0,0,2840,22,7,97,1414931743,NULL,6,10,4,NULL,NULL,0,NULL
0,999384029,0,0,2416,22,7,41,1414928677,NULL,4,7,9,NULL,NULL,0,NULL
0,999121839,2,0,3007,22,7,13,1414921194,NULL,5,9,22,NULL,NULL,0,NULL
0,998607328,1,0,2731,22,7,26,1414903929,NULL,17,12,14,NULL,NULL,0,NULL
0,996910895,2,0,2101,22,7,62,1414843466,NULL,9,6,1,NULL,NULL,0,NULL
0,994785409,129,1,2964,1,0,19,1414763177,NULL,4,7,16,NULL,NULL,0,NULL
0,994030879,1,0,3219,1,0,110,1414737444,NULL,2,12,14,NULL,NULL,0,NULL
0,993780773,1,0,3004,22,7,77,1414722584,NULL,11,8,7,NULL,NULL,0,NULL
0,992656620,129,1,2106,1,0,93,1414674576,NULL,0,6,4,NULL,NULL,0,NULL
0,991774714,129,1,2990,22,7,59,1414635518,NULL,16,8,4,NULL,NULL,0,NULL
0,990158450,2,0,2789,1,0,78,1414569560,NULL,9,8,10,NULL,NULL,0,NULL
0,988373931,4,0,3466,22,7,101,1414489648,NULL,8,9,7,NULL,NULL,0,NULL
0,988104138,2,0,2539,1,0,20,1414476759,NULL,0,9,12,NULL,NULL,0,NULL
0,986034947,130,1,2046,22,7,21,1414379017,NULL,3,12,7,NULL,NULL,0,NULL
0,983958694,1,0,3907,22,7,44,1414301067,NULL,6,16,13,NULL,NULL,0,NULL
0,983797420,3,0,2840,1,0,46,1414293913,NULL,9,12,13,NULL,NULL,0,NULL
0,983706470,2,0,3116,22,7,27,1414289210,NULL,1,16,14,NULL,NULL,0,NULL
0,981403327,3,0,2503,22,7,84,1414205294,NULL,5,10,5,NULL,NULL,0,NULL
0,979624425,2,0,2850,1,0,8,1414138005,NULL,6,12,11,NULL,NULL,0,NULL
0,979555627,132,1,2247,1,0,35,1414134552,NULL,5,5,10,NULL,NULL,0,NULL
0,979458635,130,1,2791,22,7,73,1414129989,NULL,5,8,9,NULL,NULL,0,NULL
0,977870878,3,0,2758,1,0,28,1414058567,NULL,5,11,6,NULL,NULL,0,NULL
0,976215560,4,0,2766,1,0,58,1413979628,NULL,10,6,7,NULL,NULL,0,NULL
0,974074806,4,0,3599,1,0,95,1413883892,NULL,12,9,11,NULL,NULL,0,NULL
0,973794429,129,1,2756,1,0,107,1413869438,NULL,4,15,24,NULL,NULL,0,NULL
0,972026426,4,0,2818,1,0,61,1413787215,NULL,12,9,11,NULL,NULL,0,NULL
0,970266778,4,0,2460,22,7,101,1413712723,NULL,8,9,13,NULL,NULL,0,NULL
0,965172345,4,0,3645,1,0,28,1413528929,NULL,6,11,18,NULL,NULL,0,NULL
0,963253558,131,1,2497,1,0,97,1413441085,NULL,11,11,1,NULL,NULL,0,NULL
0,961901895,131,1,2056,1,0,37,1413375259,NULL,1,5,2,NULL,NULL,0,NULL
0,956330042,4,0,4218,1,0,65,1413116821,NULL,4,18,19,NULL,NULL,0,NULL
0,955550658,129,1,1936,22,7,73,1413094520,NULL,1,8,2,NULL,NULL,0,NULL
0,949430921,1,0,2291,1,0,11,1412850334,NULL,9,6,12,NULL,NULL,1,NULL
0,948922574,130,1,2987,1,0,3,1412821226,NULL,5,9,11,NULL,NULL,0,NULL
0,947025300,2,0,2765,1,0,86,1412732846,NULL,6,14,7,NULL,NULL,0,NULL
0,946988137,130,1,2875,1,0,105,1412729547,NULL,8,14,5,NULL,NULL,0,NULL
0,945697728,130,1,3036,1,0,10,1412676295,NULL,20,8,6,NULL,NULL,0,NULL
0,945131882,131,1,2504,1,0,98,1412648330,NULL,5,7,2,NULL,NULL,0,NULL
0,943623708,2,0,2486,1,0,71,1412584096,NULL,13,12,11,NULL,NULL,0,NULL
0,943211694,4,0,2859,22,7,29,1412565231,NULL,4,14,25,NULL,NULL,0,NULL
0,943107027,4,0,2291,22,7,12,1412558733,NULL,6,11,7,NULL,NULL,0,NULL
0,941592743,130,1,2133,1,0,1,1412503880,NULL,13,12,6,NULL,NULL,0,NULL
0,936420333,131,1,2432,1,0,91,1412319148,NULL,0,12,13,NULL,NULL,0,NULL
0,936074685,4,0,2401,1,0,4,1412298654,NULL,8,10,11,NULL,NULL,0,NULL
0,934910345,129,1,2477,1,0,25,1412250409,NULL,7,4,11,NULL,NULL,0,NULL
0,934554496,128,1,1831,22,7,93,1412236775,NULL,5,6,6,NULL,NULL,0,NULL
0,934473452,128,1,2996,22,7,89,1412233154,NULL,5,7,14,NULL,NULL,0,NULL
0,934261551,132,1,3473,1,0,22,1412221792,NULL,21,11,15,NULL,NULL,0,NULL
0,934146896,4,0,3124,22,7,21,1412214075,NULL,9,8,9,NULL,NULL,0,NULL
0,933029437,131,1,2344,1,0,89,1412165770,NULL,3,7,7,NULL,NULL,0,NULL
0,932814939,132,1,2391,1,0,79,1412158426,NULL,6,8,12,NULL,NULL,0,NULL
0,932592083,130,1,2258,22,7,101,1412149496,NULL,6,9,13,NULL,NULL,0,NULL
0,928782308,130,1,2999,1,0,91,1411984607,NULL,8,10,33,NULL,NULL,0,NULL
0,928693001,130,1,3010,22,7,72,1411981017,NULL,21,6,15,NULL,NULL,0,NULL
0,923726082,130,1,3571,22,7,28,1411803750,NULL,12,13,11,NULL,NULL,0,NULL
0,921040649,1,0,2500,22,7,7,1411720350,NULL,11,9,10,NULL,NULL,0,NULL
0,918457372,128,1,2467,1,7,70,1411617573,NULL,6,12,7,NULL,NULL,0,NULL
0,916473341,0,0,2538,1,7,94,1411531367,NULL,9,6,7,NULL,NULL,0,NULL
0,914589656,1,0,1824,1,7,44,1411448565,NULL,2,6,5,NULL,NULL,0,NULL
0,913244811,130,1,2172,1,7,77,1411387502,NULL,3,8,2,NULL,NULL,1,NULL
0,910088461,129,1,2363,1,7,9,1411262978,NULL,5,8,16,NULL,NULL,0,NULL
0,907834688,3,0,2541,1,7,56,1411191639,NULL,11,7,2,NULL,NULL,0,NULL
0,906398159,128,1,2372,1,7,82,1411134167,NULL,6,12,3,NULL,NULL,0,NULL
0,905853266,1,0,3644,1,7,23,1411118350,NULL,10,12,13,NULL,NULL,0,NULL
0,896306434,130,1,2997,1,7,99,1410696181,NULL,6,10,24,NULL,NULL,0,NULL
0,895420372,132,1,2528,1,7,81,1410671871,NULL,13,10,9,NULL,NULL,0,NULL
0,893012793,4,0,3375,1,0,43,1410592101,NULL,4,14,13,NULL,NULL,0,NULL
0,892924538,0,0,2321,1,0,4,1410589284,NULL,9,14,6,NULL,NULL,0,NULL
0,892582151,1,0,2891,1,7,101,1410575039,NULL,3,10,10,NULL,NULL,0,NULL
0,890875750,1,0,2121,1,0,87,1410514697,NULL,3,10,12,NULL,NULL,0,NULL
0,890785252,129,1,2816,1,0,59,1410511218,NULL,7,15,6,NULL,NULL,0,NULL
0,890699481,2,0,3254,1,0,13,1410507609,NULL,3,10,14,NULL,NULL,0,NULL
0,890436166,129,1,2010,1,0,61,1410495012,NULL,2,10,1,NULL,NULL,0,NULL
0,890361032,130,1,3782,1,0,82,1410490367,NULL,22,19,16,NULL,NULL,0,NULL
0,888637496,129,1,2814,1,0,26,1410418557,NULL,16,11,9,NULL,NULL,0,NULL
0,888581618,130,1,2665,1,0,34,1410415530,NULL,13,6,8,NULL,NULL,0,NULL
0,888537100,132,1,2248,1,7,51,1410412983,NULL,3,11,13,NULL,NULL,0,NULL
0,887419833,2,0,2810,1,7,86,1410357491,NULL,1,13,12,NULL,NULL,0,NULL
0,886926442,2,0,3133,1,7,51,1410342653,NULL,12,4,14,NULL,NULL,0,NULL
0,882792225,4,0,2992,1,7,43,1410161840,NULL,4,11,6,NULL,NULL,0,NULL
0,882670932,2,0,3906,1,7,1,1410156752,NULL,15,8,13,NULL,NULL,0,NULL
0,882619916,3,0,1839,1,7,74,1410154378,NULL,9,5,2,NULL,NULL,0,NULL
0,882540864,132,1,2661,1,0,62,1410150301,NULL,2,6,2,NULL,NULL,0,NULL
0,882496104,3,0,1961,1,7,80,1410147697,NULL,3,9,4,NULL,NULL,0,NULL
0,881237048,131,1,2222,1,0,90,1410096218,NULL,1,5,1,NULL,NULL,0,NULL
0,880499165,3,0,2333,1,7,18,1410076957,NULL,3,11,7,NULL,NULL,0,NULL
0,877990782,1,0,2422,1,7,94,1409994010,NULL,1,6,4,NULL,NULL,0,NULL
0,877608149,3,0,3111,1,7,45,1409982030,NULL,3,10,17,NULL,NULL,0,NULL
0,875491906,132,1,3388,1,0,21,1409909861,NULL,4,10,12,NULL,NULL,0,NULL
0,875328841,3,0,3357,1,0,74,1409904068,NULL,12,9,29,NULL,NULL,0,NULL
0,875206770,130,1,2254,1,0,100,1409898921,NULL,9,13,8,NULL,NULL,0,NULL
0,875139647,2,0,2921,1,0,101,1409895764,NULL,8,8,8,NULL,NULL,0,NULL
0,874942328,130,1,1715,1,0,84,1409885161,NULL,4,8,5,NULL,NULL,0,NULL
0,873773463,129,1,2621,2,7,26,1409833837,NULL,5,7,12,NULL,NULL,0,NULL
0,873509285,128,1,2127,1,7,8,1409822123,NULL,8,6,6,NULL,NULL,0,NULL
0,870229117,3,0,2857,1,7,44,1409643452,NULL,3,11,14,NULL,NULL,0,NULL
0,869991930,130,1,1721,1,7,28,1409625904,NULL,3,8,5,NULL,NULL,0,NULL
0,863296895,2,0,2106,1,7,74,1409322272,NULL,1,8,5,NULL,NULL,0,NULL
0,863167910,131,1,2606,1,0,53,1409318967,NULL,2,11,8,NULL,NULL,0,NULL
0,860768530,131,1,2761,1,0,41,1409215621,NULL,18,5,12,NULL,NULL,0,NULL
0,853389874,4,0,1202,1,0,38,1408872654,NULL,2,5,6,NULL,NULL,1,NULL
0,853076122,131,1,3417,1,0,101,1408861298,NULL,17,13,26,NULL,NULL,0,NULL
0,851282306,129,1,1617,1,0,35,1408782691,NULL,4,7,1,NULL,NULL,0,NULL
0,850834839,130,1,2888,1,7,72,1408760111,NULL,12,9,13,NULL,NULL,0,NULL
0,850018303,130,1,2795,1,0,41,1408719055,NULL,11,8,7,NULL,NULL,0,NULL
0,847659436,1,0,2969,1,0,50,1408615373,NULL,9,8,21,NULL,NULL,0,NULL
0,845639263,130,1,3478,1,0,86,1408520406,NULL,7,8,10,NULL,NULL,0,NULL
0,839673841,129,1,2217,12,0,62,1408241311,NULL,8,8,12,NULL,NULL,0,NULL
0,838783998,1,0,1464,1,0,15,1408199748,NULL,4,7,2,NULL,NULL,1,NULL
0,837662450,1,0,2698,2,0,11,1408153689,NULL,13,9,12,NULL,NULL,1,NULL
0,832973034,132,1,3150,1,7,81,1407930978,NULL,9,9,10,NULL,NULL,0,NULL
0,830933663,4,0,2235,1,0,79,1407836004,NULL,10,10,17,NULL,NULL,0,NULL
0,828581738,1,0,2584,1,0,50,1407722520,NULL,6,10,13,NULL,NULL,1,NULL
0,827511295,130,1,2081,1,0,67,1407672361,NULL,2,3,5,NULL,NULL,0,NULL
0,827294313,128,1,2136,1,7,104,1407664665,NULL,3,9,10,NULL,NULL,0,NULL
0,826619729,0,0,3209,1,0,59,1407633039,NULL,14,18,15,NULL,NULL,0,NULL
0,823237631,131,1,1823,2,7,16,1407486501,NULL,1,9,3,NULL,NULL,0,NULL
0,823152213,131,1,989,1,0,86,1407482398,NULL,1,5,1,NULL,NULL,1,NULL
0,821831918,2,0,2596,1,0,62,1407415758,NULL,6,7,10,NULL,NULL,0,NULL
0,820032876,0,0,2838,4,0,44,1407329739,NULL,11,11,10,NULL,NULL,0,NULL
0,818189125,132,1,3594,1,0,52,1407241857,NULL,8,10,8,NULL,NULL,0,NULL
0,817828903,129,1,2240,1,0,32,1407228206,NULL,16,5,8,NULL,NULL,0,NULL
0,814209298,3,0,2374,1,7,57,1407060246,NULL,2,7,4,NULL,NULL,0,NULL
0,813888583,2,0,2564,1,0,1,1407047933,NULL,5,7,4,NULL,NULL,0,NULL
0,813802637,3,0,3272,1,0,91,1407044662,NULL,3,12,9,NULL,NULL,0,NULL
0,813534278,1,0,2127,1,0,73,1407029144,NULL,0,9,5,NULL,NULL,0,NULL
0,811858971,129,1,2501,1,0,64,1406959518,NULL,2,6,16,NULL,NULL,0,NULL
0,811654068,128,1,1668,1,0,71,1406948538,NULL,4,6,4,NULL,NULL,1,NULL
0,810700951,130,1,2760,2,7,96,1406903089,NULL,4,10,22,NULL,NULL,0,NULL
0,810495447,2,0,3958,1,0,4,1406896281,NULL,17,12,16,NULL,NULL,0,NULL
0,810417495,1,0,2060,1,0,45,1406893726,NULL,8,11,7,NULL,NULL,0,NULL
0,808157625,1,0,1761,1,7,48,1406793371,NULL,6,6,8,NULL,NULL,0,NULL
0,804506093,3,0,1913,1,0,13,1406627795,NULL,4,8,7,NULL,NULL,1,NULL
0,802195717,131,1,2521,1,7,98,1406525970,NULL,5,9,6,NULL,NULL,0,NULL
0,800917238,2,0,3170,1,0,43,1406466784,NULL,5,9,9,NULL,NULL,0,NULL
0,800856727,130,1,1484,1,0,88,1406464639,NULL,4,8,6,NULL,NULL,0,NULL
0,800761535,2,0,2389,1,7,79,1406461987,NULL,2,6,5,NULL,NULL,0,NULL
0,800156790,131,1,2137,1,0,73,1406439977,NULL,5,9,10,NULL,NULL,0,NULL
0,799975148,4,0,2250,1,0,63,1406430446,NULL,4,4,13,NULL,NULL,0,NULL
0,798941915,0,0,2203,1,7,62,1406383795,NULL,8,5,9,NULL,NULL,0,NULL
0,798152688,3,0,2611,1,0,98,1406355603,NULL,6,9,7,NULL,NULL,0,NULL
0,797940382,129,1,2739,1,0,3,1406344774,NULL,2,12,10,NULL,NULL,0,NULL
0,796229720,132,1,2177,1,0,107,1406273329,NULL,2,11,6,NULL,NULL,0,NULL
0,790746273,130,1,4272,1,7,31,1406029169,NULL,9,17,8,NULL,NULL,0,NULL
0,790302212,4,0,2398,1,0,33,1406012070,NULL,3,7,12,NULL,NULL,0,NULL
0,786539921,131,1,2738,1,0,73,1405850212,NULL,13,13,15,NULL,NULL,0,NULL
0,786197105,4,0,2986,1,0,39,1405838212,NULL,7,6,7,NULL,NULL,0,NULL
0,784088657,2,0,2305,1,0,29,1405746946,NULL,10,10,10,NULL,NULL,0,NULL
0,783060241,1,0,1901,1,0,106,1405694484,NULL,6,8,15,NULL,NULL,0,NULL
0,782930196,3,0,3217,1,0,68,1405690522,NULL,8,3,17,NULL,NULL,0,NULL
0,780798146,130,1,3499,1,0,65,1405596462,NULL,13,9,20,NULL,NULL,0,NULL
0,779154525,128,1,2183,1,0,91,1405514969,NULL,0,6,6,NULL,NULL,2,NULL
0,778918873,132,1,1949,1,7,86,1405506083,NULL,4,14,5,NULL,NULL,0,NULL
0,778691728,130,1,2016,1,0,106,1405496730,NULL,2,10,7,NULL,NULL,0,NULL
0,778639313,128,1,2199,1,0,58,1405494013,NULL,7,7,9,NULL,NULL,0,NULL
0,777412784,129,1,2402,1,0,27,1405430545,NULL,1,9,7,NULL,NULL,3,NULL
0,777118248,130,1,2749,1,0,46,1405420184,NULL,12,11,10,NULL,NULL,1,NULL
0,775589155,1,0,3265,1,0,18,1405340893,NULL,14,10,14,NULL,NULL,0,NULL
0,774301158,0,0,3506,1,0,51,1405269408,NULL,8,9,11,NULL,NULL,0,NULL
0,773009643,3,0,2085,1,7,72,1405217887,NULL,6,9,5,NULL,NULL,0,NULL
0,771989525,129,1,2262,1,0,7,1405169619,NULL,4,9,3,NULL,NULL,0,NULL
0,771671601,3,0,3238,1,0,84,1405157915,NULL,5,9,21,NULL,NULL,1,NULL
0,771374589,1,0,2614,1,0,54,1405145506,NULL,9,8,14,NULL,NULL,0,NULL
0,771316583,130,1,2574,1,0,72,1405142600,NULL,17,10,15,NULL,NULL,0,NULL
0,770199826,4,0,2758,1,0,50,1405083839,NULL,6,11,14,NULL,NULL,0,NULL
0,770138751,132,1,915,1,0,1,1405081710,NULL,0,2,0,NULL,NULL,1,NULL
0,769937524,132,1,2148,1,0,58,1405073975,NULL,2,7,5,NULL,NULL,0,NULL
0,768020803,2,0,2666,1,0,22,1404979643,NULL,6,16,20,NULL,NULL,0,NULL
0,763125567,130,1,1519,1,0,88,1404728142,NULL,8,6,5,NULL,NULL,0,NULL
0,762572790,1,0,2144,1,0,26,1404698771,NULL,5,12,10,NULL,NULL,0,NULL
0,761264177,2,0,2607,1,0,73,1404642472,NULL,2,7,3,NULL,NULL,4,NULL
0,759024391,130,1,2622,1,0,76,1404544895,NULL,11,10,9,NULL,NULL,0,NULL
0,758963691,130,1,2180,1,7,55,1404541874,NULL,2,10,17,NULL,NULL,0,NULL
0,755768587,132,1,2413,1,0,53,1404388732,NULL,4,5,15,NULL,NULL,0,NULL
0,754029985,0,0,2178,4,0,82,1404304647,NULL,1,10,5,NULL,NULL,0,NULL
0,751940382,4,0,2546,1,0,46,1404209913,NULL,9,7,13,NULL,NULL,0,NULL
0,747648466,3,0,2345,1,0,106,1404010254,NULL,3,7,9,NULL,NULL,0,NULL
0,744582208,2,0,2186,1,0,13,1403873140,NULL,2,4,3,NULL,NULL,0,NULL
0,743914572,129,1,2633,1,0,45,1403846129,NULL,3,9,8,NULL,NULL,0,NULL
0,743745350,132,1,2461,1,0,7,1403833693,NULL,17,8,9,NULL,NULL,0,NULL
0,742377142,2,0,3151,1,0,17,1403772626,NULL,10,5,35,NULL,NULL,0,NULL
0,742144127,130,1,3004,1,0,16,1403760977,NULL,4,10,14,NULL,NULL,0,NULL
0,740572817,129,1,2406,1,0,62,1403686462,NULL,11,3,6,NULL,NULL,0,NULL
0,740387335,1,0,3408,1,0,55,1403678033,NULL,6,9,21,NULL,NULL,0,NULL
0,740235904,2,0,2515,1,7,21,1403669190,NULL,4,7,10,NULL,NULL,0,NULL
0,740146595,131,1,2678,1,0,97,1403662237,NULL,12,11,11,NULL,NULL,0,NULL
0,740108846,1,0,2644,1,7,10,1403659398,NULL,0,7,9,NULL,NULL,0,NULL
0,738461233,3,0,3548,2,0,93,1403587820,NULL,29,9,18,NULL,NULL,0,NULL
0,738337426,1,0,3516,3,0,63,1403578890,NULL,12,9,17,NULL,NULL,0,NULL
0,736473783,131,1,2833,1,0,102,1403492694,NULL,8,11,20,NULL,NULL,0,NULL
0,734463929,131,1,1798,1,0,58,1403409243,NULL,1,10,1,NULL,NULL,0,NULL
0,732825607,130,1,1911,1,0,3,1403345498,NULL,1,7,9,NULL,NULL,0,NULL
0,730486656,1,0,1766,1,0,10,1403253961,NULL,2,7,9,NULL,NULL,0,NULL
0,730418577,131,1,1902,1,7,104,1403251455,NULL,5,12,3,NULL,NULL,0,NULL
0,730354420,1,0,2132,1,7,46,1403248994,NULL,8,9,5,NULL,NULL,0,NULL
0,730106153,4,0,3328,2,0,75,1403236862,NULL,6,11,13,NULL,NULL,0,NULL
0,730001751,129,1,1840,1,7,49,1403229060,NULL,2,9,11,NULL,NULL,0,NULL
0,728742198,1,0,3334,1,0,50,1403183508,NULL,5,15,17,NULL,NULL,0,NULL
0,728479829,2,0,2349,1,0,63,1403176814,NULL,2,7,7,NULL,NULL,0,NULL
0,726443339,0,0,3111,1,0,66,1403083970,NULL,1,5,4,NULL,NULL,0,NULL
0,726387189,2,0,1967,1,0,21,1403081701,NULL,7,4,5,NULL,NULL,0,NULL
0,724557758,2,0,2013,1,0,77,1402995359,NULL,0,6,2,NULL,NULL,0,NULL
0,724309896,2,0,2716,1,0,51,1402982703,NULL,6,14,18,NULL,NULL,0,NULL
0,724216110,3,0,2665,1,0,86,1402976674,NULL,3,9,10,NULL,NULL,0,NULL
0,724097919,0,0,1585,1,0,1,1402965672,NULL,3,6,3,NULL,NULL,0,NULL
0,722858272,2,0,2782,1,0,59,1402911862,NULL,9,14,9,NULL,NULL,0,NULL
0,722586026,0,0,2574,1,0,79,1402899450,NULL,3,10,9,NULL,NULL,0,NULL
0,722443967,1,0,2041,1,0,82,1402890609,NULL,2,14,6,NULL,NULL,0,NULL
0,722382895,2,0,2876,1,0,86,1402885555,NULL,7,9,8,NULL,NULL,0,NULL
0,721196659,0,0,2906,1,0,33,1402832902,NULL,1,11,13,NULL,NULL,0,NULL
0,720643349,3,0,3026,1,0,74,1402812896,NULL,11,7,10,NULL,NULL,0,NULL
0,720392175,129,1,1111,1,0,49,1402798781,NULL,0,2,2,NULL,NULL,1,NULL
0,720312962,1,0,2224,1,0,70,1402793070,NULL,2,14,5,NULL,NULL,0,NULL
0,718989898,1,0,2968,1,0,93,1402741824,NULL,6,6,10,NULL,NULL,0,NULL
0,718558321,3,0,1800,1,0,74,1402725792,NULL,3,13,12,NULL,NULL,0,NULL
0,718258333,130,1,3148,1,0,15,1402708172,NULL,2,7,16,NULL,NULL,0,NULL
0,716756004,0,0,2309,1,0,12,1402648245,NULL,5,6,15,NULL,NULL,0,NULL
0,716573695,2,0,2170,1,0,54,1402639971,NULL,1,6,8,NULL,NULL,0,NULL
0,716317840,1,0,2304,1,0,41,1402621935,NULL,7,9,4,NULL,NULL,0,NULL
0,715291559,0,0,2897,1,0,23,1402576366,NULL,11,11,8,NULL,NULL,1,NULL
0,714868366,129,1,1516,1,7,35,1402561656,NULL,4,8,2,NULL,NULL,0,NULL
0,714705246,2,0,3256,1,7,16,1402553938,NULL,9,8,21,NULL,NULL,0,NULL
0,713404609,132,1,2827,1,7,94,1402491355,NULL,5,6,5,NULL,NULL,0,NULL
0,713278740,4,0,1998,1,0,96,1402487709,NULL,1,6,3,NULL,NULL,1,NULL
0,712881023,2,0,3031,1,0,62,1402472804,NULL,8,9,9,NULL,NULL,0,NULL
0,711546563,128,1,2488,1,0,79,1402406148,NULL,3,12,12,NULL,NULL,0,NULL
0,711091095,130,1,2570,1,0,82,1402390258,NULL,2,15,15,NULL,NULL,0,NULL
0,709593518,1,0,3192,1,0,41,1402318254,NULL,6,12,17,NULL,NULL,0,NULL
0,709337385,131,1,2150,1,0,54,1402309832,NULL,2,12,6,NULL,NULL,0,NULL
0,708993308,1,0,3379,1,0,18,1402296090,NULL,21,7,13,NULL,NULL,0,NULL
0,707391657,3,0,1157,1,0,69,1402223386,NULL,0,0,0,NULL,NULL,1,NULL
0,707327614,2,0,1826,1,0,8,1402221357,NULL,2,5,3,NULL,NULL,1,NULL
0,706673834,1,0,2287,1,0,54,1402191162,NULL,7,10,7,NULL,NULL,0,NULL
0,705636016,132,1,2490,1,0,58,1402147274,NULL,2,8,5,NULL,NULL,0,NULL
0,703227200,128,1,2112,1,0,34,1402047306,NULL,4,8,9,NULL,NULL,1,NULL
0,702905396,128,1,2306,1,0,44,1402033215,NULL,4,11,2,NULL,NULL,0,NULL
0,702667289,0,0,2512,1,0,25,1402016349,NULL,6,8,8,NULL,NULL,0,NULL
0,701334068,129,1,2667,1,0,76,1401959725,NULL,13,8,6,NULL,NULL,0,NULL
0,700942048,132,1,2385,1,0,17,1401940796,NULL,4,10,10,NULL,NULL,0,NULL
0,700819642,132,1,2083,1,0,17,1401931215,NULL,5,7,12,NULL,NULL,0,NULL
0,699805940,129,1,3033,1,0,10,1401886181,NULL,3,8,11,NULL,NULL,0,NULL
0,699375182,2,0,2834,1,0,11,1401871594,NULL,7,8,11,NULL,NULL,0,NULL
0,699306981,130,1,2255,1,0,74,1401868683,NULL,9,9,7,NULL,NULL,0,NULL
0,699138442,131,1,3428,1,0,68,1401861134,NULL,5,10,15,NULL,NULL,0,NULL
0,697883421,0,0,3286,1,0,46,1401801460,NULL,12,6,21,NULL,NULL,0,NULL
0,697679948,128,1,1804,1,0,87,1401795295,NULL,7,9,6,NULL,NULL,0,NULL
0,697348211,3,0,2588,1,0,104,1401783479,NULL,5,9,9,NULL,NULL,0,NULL
0,697226988,4,0,3069,1,0,55,1401778289,NULL,1,7,6,NULL,NULL,0,NULL
0,695907059,2,0,3544,1,0,51,1401713570,NULL,4,7,18,NULL,NULL,0,NULL
0,695821104,130,1,1999,1,0,74,1401710665,NULL,4,7,3,NULL,NULL,0,NULL
0,695656328,130,1,2123,1,0,96,1401704804,NULL,7,12,6,NULL,NULL,0,NULL
0,695183867,131,1,2879,1,0,87,1401685794,NULL,7,12,16,NULL,NULL,0,NULL
0,695019404,131,1,1748,1,0,74,1401675291,NULL,2,11,1,NULL,NULL,0,NULL
0,693490644,128,1,3058,1,0,9,1401616999,NULL,3,6,7,NULL,NULL,0,NULL
0,693155018,3,0,2639,1,0,9,1401605755,NULL,8,9,17,NULL,NULL,0,NULL
0,691535047,3,0,2300,1,0,27,1401542441,NULL,3,13,3,NULL,NULL,0,NULL
0,691356685,129,1,1266,1,0,4,1401538641,NULL,1,5,2,NULL,NULL,1,NULL
0,690589676,1,0,2841,1,0,23,1401518615,NULL,4,8,11,NULL,NULL,0,NULL
0,689998664,2,0,1806,1,0,88,1401496035,NULL,4,10,2,NULL,NULL,0,NULL
0,688636178,132,1,1950,1,0,74,1401442515,NULL,5,5,9,NULL,NULL,0,NULL
0,688468442,3,0,2297,1,0,14,1401435931,NULL,7,9,2,NULL,NULL,0,NULL
0,686268839,4,0,2719,1,0,19,1401329809,NULL,7,13,8,NULL,NULL,0,NULL
0,686235853,132,1,1709,1,0,39,1401326792,NULL,0,8,4,NULL,NULL,0,NULL
0,683422201,132,1,2821,1,0,76,1401194487,NULL,6,3,0,NULL,NULL,0,NULL
0,683305334,132,1,2209,1,0,7,1401190468,NULL,1,12,11,NULL,NULL,0,NULL
0,679851953,128,1,2513,1,0,44,1401023723,NULL,3,8,11,NULL,NULL,0,NULL
0,677845532,3,0,2403,1,0,79,1400938552,NULL,0,8,6,NULL,NULL,0,NULL
0,677266835,1,0,5041,1,0,20,1400918919,NULL,14,15,30,NULL,NULL,0,NULL
0,677189805,3,0,2649,1,0,7,1400915689,NULL,5,15,8,NULL,NULL,0,NULL
0,677136520,130,1,1745,1,0,11,1400914127,NULL,0,7,6,NULL,NULL,0,NULL
0,673603738,130,1,3244,1,0,2,1400750586,NULL,15,8,9,NULL,NULL,0,NULL
0,670325158,130,1,2790,1,0,49,1400580586,NULL,5,11,16,NULL,NULL,0,NULL
0,666296586,132,1,2628,1,0,46,1400386105,NULL,6,11,7,NULL,NULL,0,NULL
0,666248179,3,0,2510,1,0,74,1400383246,NULL,0,5,8,NULL,NULL,0,NULL
0,666211716,129,1,1950,1,0,74,1400380989,NULL,3,9,2,NULL,NULL,0,NULL
0,662596851,130,1,1644,1,0,100,1400229154,NULL,0,7,6,NULL,NULL,0,NULL
0,662300185,3,0,1138,2,0,13,1400211546,NULL,0,3,3,NULL,NULL,1,NULL
0,662173549,1,0,3044,1,0,104,1400200103,NULL,5,11,6,NULL,NULL,0,NULL
0,660727636,130,1,2462,1,0,68,1400135935,NULL,3,5,5,NULL,NULL,0,NULL
0,659482254,4,0,3356,1,0,68,1400070035,NULL,4,7,14,NULL,NULL,0,NULL
0,659231217,2,0,1667,2,0,68,1400060492,NULL,4,10,5,NULL,NULL,1,NULL
0,658913737,129,1,2568,1,0,46,1400039266,NULL,6,6,8,NULL,NULL,0,NULL
0,657796555,131,1,3275,1,0,13,1399981972,NULL,5,9,11,NULL,NULL,0,NULL
0,657331349,1,0,2457,1,0,68,1399957874,NULL,2,9,8,NULL,NULL,2,NULL
0,657209587,3,0,2701,1,0,68,1399948065,NULL,10,12,14,NULL,NULL,0,NULL
0,656200324,131,1,2767,1,0,13,1399897136,NULL,0,12,10,NULL,NULL,0,NULL
0,655844256,130,1,2777,1,0,38,1399881564,NULL,0,13,12,NULL,NULL,0,NULL
0,653908596,3,0,4231,1,0,67,1399791111,NULL,11,8,43,NULL,NULL,0,NULL
0,653821908,3,0,3019,1,0,13,1399787552,NULL,0,13,14,NULL,NULL,0,NULL
0,653535537,128,1,2366,1,0,46,1399769497,NULL,6,11,6,NULL,NULL,0,NULL
0,651942258,130,1,3164,1,0,46,1399706362,NULL,2,7,6,NULL,NULL,0,NULL
0,650392823,130,1,1915,1,0,87,1399628970,NULL,7,3,2,NULL,NULL,0,NULL
0,650337686,2,0,1882,1,0,67,1399626652,NULL,1,7,5,NULL,NULL,0,NULL
0,648752355,129,1,1712,1,0,77,1399545222,NULL,3,7,1,NULL,NULL,1,NULL
0,647344123,129,1,2072,1,0,7,1399464687,NULL,0,14,5,NULL,NULL,0,NULL
0,646911116,3,0,2446,1,0,67,1399441772,NULL,2,13,14,NULL,NULL,0,NULL
0,646826464,130,1,3256,1,0,67,1399434576,NULL,10,4,18,NULL,NULL,0,NULL
0,645410117,3,0,2947,1,0,67,1399357684,NULL,4,7,10,NULL,NULL,0,NULL
0,642541276,128,1,2334,1,0,4,1399204345,NULL,3,19,5,NULL,NULL,0,NULL
0,642028854,4,0,3061,1,0,18,1399184217,NULL,4,11,7,NULL,NULL,0,NULL
0,641888488,131,1,2914,1,0,23,1399175607,NULL,3,12,6,NULL,NULL,0,NULL
